link,title,logo_img,company_name,model_count,model_img,model_link,model_name,price_range
https://autos.maxabout.com/cars/apollo,Apollo Cars,https://ic1.maxabout.us//autos/cars_india/company-logos/gumpert-77.jpg/,Apollo,2,https://ic1.maxabout.us/autos/cars_india/gumpert-77/apollo-921-gumpert-apollo-sport.jpg/thumb/120,https://autos.maxabout.com/cars/apollo/gumpert,Apollo Gumpert,"₹ 500,00,000"
https://autos.maxabout.com/cars/ariel,Ariel Cars,https://ic1.maxabout.us//autos/cars_india/company-logos/ariel-81.jpg/,Ariel,1,https://ic1.maxabout.us/autos/cars_india/ariel-81/atom-989-atom-3.jpg/thumb/120,https://autos.maxabout.com/cars/ariel/atom,Ariel Atom,"₹ 55,00,000 - ₹ 85,00,000"
https://autos.maxabout.com/cars/ashok-leyland,Ashok Leyland Cars,https://ic1.maxabout.us//autos/cars_india/company-logos/ashok-leyland-83.jpg/,Ashok Leyland,6,https://ic1.maxabout.us/autos/cars_india//A/2021/9/ashok-leyland-bada-dost-i3.jpg/thumb/120,https://autos.maxabout.com/cars/ashok-leyland/bada-dost,Ashok Leyland Bada Dost,"₹ 7,75,000 - ₹ 7,99,000"
https://autos.maxabout.com/cars/ashok-leyland,Ashok Leyland Cars,https://ic1.maxabout.us//autos/cars_india/company-logos/ashok-leyland-83.jpg/,Ashok Leyland,6,https://ic1.maxabout.us/autos/cars_india//A/2021/9/ashok-leyland-dost-cng.jpg/thumb/120,https://autos.maxabout.com/cars/ashok-leyland/dost-cng,Ashok Leyland Dost CNG,"₹ 5,63,000 - ₹ 5,73,000"
https://autos.maxabout.com/cars/ashok-leyland,Ashok Leyland Cars,https://ic1.maxabout.us//autos/cars_india/company-logos/ashok-leyland-83.jpg/,Ashok Leyland,6,https://ic1.maxabout.us/autos/cars_india//A/2021/9/ashok-leyland-dost-lite.jpg/thumb/120,https://autos.maxabout.com/cars/ashok-leyland/dost-lite,Ashok Leyland Dost Lite,"₹ 7,10,000 - ₹ 7,30,000"
https://autos.maxabout.com/cars/ashok-leyland,Ashok Leyland Cars,https://ic1.maxabout.us//autos/cars_india/company-logos/ashok-leyland-83.jpg/,Ashok Leyland,6,https://ic1.maxabout.us/autos/cars_india//A/2021/9/ashok-leyland-dost-plus.jpg/thumb/120,https://autos.maxabout.com/cars/ashok-leyland/dost-plus,Ashok Leyland Dost Plus,"₹ 7,24,000 - ₹ 7,74,000"
https://autos.maxabout.com/cars/ashok-leyland,Ashok Leyland Cars,https://ic1.maxabout.us//autos/cars_india/company-logos/ashok-leyland-83.jpg/,Ashok Leyland,6,https://ic1.maxabout.us/autos/cars_india//A/2021/9/ashok-leyland-dost-strong.jpg/thumb/120,https://autos.maxabout.com/cars/ashok-leyland/dost-strong,Ashok Leyland Dost Strong,"₹ 6,68,000 - ₹ 6,78,000"
https://autos.maxabout.com/cars/aston-martin,Aston Martin Cars,https://ic1.maxabout.us//autos/cars_india/company-logos//A/2014/10/aston-martin-logo.jpg/,Aston Martin,12,https://ic1.maxabout.us/autos/cars_india//A/2015/3/aston-martin-db9-coupe-p.jpg/thumb/120,https://autos.maxabout.com/cars/aston-martin/db9,Aston Martin DB9,"₹ 190,00,000 - ₹ 300,00,000"
https://autos.maxabout.com/cars/aston-martin,Aston Martin Cars,https://ic1.maxabout.us//autos/cars_india/company-logos//A/2014/10/aston-martin-logo.jpg/,Aston Martin,12,https://ic1.maxabout.us/autos/cars_india//A/2015/3/aston-martin-rapide-p.jpg/thumb/120,https://autos.maxabout.com/cars/aston-martin/rapide,Aston Martin Rapide,"₹ 350,00,000 - ₹ 440,00,000"
https://autos.maxabout.com/cars/aston-martin,Aston Martin Cars,https://ic1.maxabout.us//autos/cars_india/company-logos//A/2014/10/aston-martin-logo.jpg/,Aston Martin,12,https://ic1.maxabout.us/autos/cars_india//A/2015/3/aston-martin-vanquish-p.jpg/thumb/120,https://autos.maxabout.com/cars/aston-martin/vanquish,Aston Martin Vanquish,"₹ 385,00,000"
https://autos.maxabout.com/cars/aston-martin,Aston Martin Cars,https://ic1.maxabout.us//autos/cars_india/company-logos//A/2014/10/aston-martin-logo.jpg/,Aston Martin,12,https://ic1.maxabout.us/autos/cars_india//A/2015/3/aston-martin-v12-vantage-p.jpg/thumb/120,https://autos.maxabout.com/cars/aston-martin/v8-vantage,Aston Martin Vantage,"₹ 186,00,000 - ₹ 350,00,000"
https://autos.maxabout.com/cars/audi,Audi Cars,https://ic1.maxabout.us//autos/cars_india/company-logos/audi-1.jpg/,Audi,52,https://ic1.maxabout.us/autos/cars_india//A/2017/11/audi-a3-new.jpg/thumb/120,https://autos.maxabout.com/cars/audi/a3,Audi A3,"₹ 28,95,000 - ₹ 50,35,500"
https://autos.maxabout.com/cars/audi,Audi Cars,https://ic1.maxabout.us//autos/cars_india/company-logos/audi-1.jpg/,Audi,52,https://ic1.maxabout.us/autos/cars_india//A/2017/11/audi-a4-new.jpg/thumb/120,https://autos.maxabout.com/cars/audi/a4,Audi A4,"₹ 41,47,000 - ₹ 46,94,000"
https://autos.maxabout.com/cars/audi,Audi Cars,https://ic1.maxabout.us//autos/cars_india/company-logos/audi-1.jpg/,Audi,52,https://ic1.maxabout.us/autos/cars_india//A/2017/11/audi-s5-new.jpg/thumb/120,https://autos.maxabout.com/cars/audi/a5,Audi A5,"₹ 55,40,000 - ₹ 72,41,000"
https://autos.maxabout.com/cars/audi,Audi Cars,https://ic1.maxabout.us//autos/cars_india/company-logos/audi-1.jpg/,Audi,52,https://ic1.maxabout.us/autos/cars_india//A/2017/11/audi-a6-new.jpg/thumb/120,https://autos.maxabout.com/cars/audi/a6,Audi A6,"₹ 55,88,000 - ₹ 56,69,000"
https://autos.maxabout.com/cars/audi,Audi Cars,https://ic1.maxabout.us//autos/cars_india/company-logos/audi-1.jpg/,Audi,52,https://ic1.maxabout.us/autos/cars_india//A/2017/11/audi-a8-new.jpg/thumb/120,https://autos.maxabout.com/cars/audi/a8,Audi A8,"₹ 117,66,000 - ₹ 149,45,000"
https://autos.maxabout.com/cars/audi,Audi Cars,https://ic1.maxabout.us//autos/cars_india/company-logos/audi-1.jpg/,Audi,52,https://ic1.maxabout.us/autos/cars_india//A/2017/11/audi-q3-new.jpg/thumb/120,https://autos.maxabout.com/cars/audi/q3,Audi Q3,"₹ 34,73,000 - ₹ 42,88,250"
https://autos.maxabout.com/cars/audi,Audi Cars,https://ic1.maxabout.us//autos/cars_india/company-logos/audi-1.jpg/,Audi,52,https://ic1.maxabout.us/autos/cars_india//A/2017/11/audi-q7-new.jpg/thumb/120,https://autos.maxabout.com/cars/audi/q7,Audi Q7,"₹ 59,63,000 - ₹ 85,18,000"
https://autos.maxabout.com/cars/audi,Audi Cars,https://ic1.maxabout.us//autos/cars_india/company-logos/audi-1.jpg/,Audi,52,https://ic1.maxabout.us/autos/cars_india//A/2017/11/audi-r8-new.jpg/thumb/120,https://autos.maxabout.com/cars/audi/r8,Audi R8,"₹ 272,45,000"
https://autos.maxabout.com/cars/audi,Audi Cars,https://ic1.maxabout.us//autos/cars_india/company-logos/audi-1.jpg/,Audi,52,https://ic1.maxabout.us/autos/cars_india//2/2018/4/2018-audi-rs5-coupe.jpg/thumb/120,https://autos.maxabout.com/cars/audi/rs5,Audi RS5,"₹ 110,65,000"
https://autos.maxabout.com/cars/audi,Audi Cars,https://ic1.maxabout.us//autos/cars_india/company-logos/audi-1.jpg/,Audi,52,https://ic1.maxabout.us/autos/cars_india//A/2017/11/audi-rs6-avant-new.jpg/thumb/120,https://autos.maxabout.com/cars/audi/rs6,Audi RS6,"₹ 146,04,000 - ₹ 159,31,000"
https://autos.maxabout.com/cars/audi,Audi Cars,https://ic1.maxabout.us//autos/cars_india/company-logos/audi-1.jpg/,Audi,52,https://ic1.maxabout.us/autos/cars_india//A/2017/11/audi-rs7-new.jpg/thumb/120,https://autos.maxabout.com/cars/audi/rs7,Audi RS7,"₹ 7,04,616 - ₹ 170,72,000"
https://autos.maxabout.com/cars/audi,Audi Cars,https://ic1.maxabout.us//autos/cars_india/company-logos/audi-1.jpg/,Audi,52,https://ic1.maxabout.us/autos/cars_india//A/2014/10/audi-s4-p.jpg/thumb/120,https://autos.maxabout.com/cars/audi/s4,Audi S4,"₹ 52,33,000"
https://autos.maxabout.com/cars/audi,Audi Cars,https://ic1.maxabout.us//autos/cars_india/company-logos/audi-1.jpg/,Audi,52,https://ic1.maxabout.us/autos/cars_india//A/2014/10/audi-s6-p.jpg/thumb/120,https://autos.maxabout.com/cars/audi/s6,Audi S6,"₹ 91,26,000 - ₹ 95,25,000"
https://autos.maxabout.com/cars/audi,Audi Cars,https://ic1.maxabout.us//autos/cars_india/company-logos/audi-1.jpg/,Audi,52,https://ic1.maxabout.us/autos/cars_india//A/2017/11/audi-tt-new.jpg/thumb/120,https://autos.maxabout.com/cars/audi/tt,Audi TT,"₹ 65,43,000"
https://autos.maxabout.com/cars/bentley,Bentley Cars,https://ic1.maxabout.us//autos/cars_india/company-logos/bentley-13.jpg/,Bentley,9,https://ic1.maxabout.us/autos/cars_india//B/2016/4/bentley-bentayga-p.jpg/thumb/120,https://autos.maxabout.com/cars/bentley/bentayga,Bentley Bentayga,"₹ 385,00,000 - ₹ 400,00,000"
https://autos.maxabout.com/cars/bentley,Bentley Cars,https://ic1.maxabout.us//autos/cars_india/company-logos/bentley-13.jpg/,Bentley,9,https://ic1.maxabout.us/autos/cars_india/bentley-13/continental-flying-spur-61-continental-flying-spur.jpg/thumb/120,https://autos.maxabout.com/cars/bentley/continental,Bentley Continental,"₹ 320,00,000 - ₹ 402,00,000"
https://autos.maxabout.com/cars/bentley,Bentley Cars,https://ic1.maxabout.us//autos/cars_india/company-logos/bentley-13.jpg/,Bentley,9,https://ic1.maxabout.us/autos/cars_india/bentley-13/mulsanne-481-mulsanne22.jpg/thumb/120,https://autos.maxabout.com/cars/bentley/mulsanne,Bentley Mulsanne,"₹ 554,00,000"
https://autos.maxabout.com/cars/bmw,BMW Cars,https://ic1.maxabout.us//autos/cars_india/company-logos/bmw-20.jpg/,BMW,47,https://ic1.maxabout.us/autos/cars_india//2/2015/9/2016-bmw-1-series-p.jpg/thumb/120,https://autos.maxabout.com/cars/bmw/1-series,BMW 1 Series,"₹ 22,33,895 - ₹ 30,30,000"
https://autos.maxabout.com/cars/bmw,BMW Cars,https://ic1.maxabout.us//autos/cars_india/company-logos/bmw-20.jpg/,BMW,47,https://ic1.maxabout.us/autos/cars_india//B/2017/10/bmw-3-series-prestige.jpg/thumb/120,https://autos.maxabout.com/cars/bmw/3-series,BMW 3 Series,"₹ 39,80,000 - ₹ 47,30,000"
https://autos.maxabout.com/cars/bmw,BMW Cars,https://ic1.maxabout.us//autos/cars_india/company-logos/bmw-20.jpg/,BMW,47,https://ic1.maxabout.us/autos/cars_india//B/2017/10/bmw-gran-turismo-m-sport.jpg/thumb/120,https://autos.maxabout.com/cars/bmw/3-series-gt,BMW 3 Series Gran Turismo,"₹ 38,97,517 - ₹ 51,20,000"
https://autos.maxabout.com/cars/bmw,BMW Cars,https://ic1.maxabout.us//autos/cars_india/company-logos/bmw-20.jpg/,BMW,47,https://ic1.maxabout.us/autos/cars_india//N/2017/10/new-bmw-5-series-luxury-line.jpg/thumb/120,https://autos.maxabout.com/cars/bmw/5-series,BMW 5 Series,"₹ 39,11,460 - ₹ 66,20,000"
https://autos.maxabout.com/cars/bmw,BMW Cars,https://ic1.maxabout.us//autos/cars_india/company-logos/bmw-20.jpg/,BMW,47,https://ic1.maxabout.us/autos/cars_india//B/2017/10/bmw-6-series-eminence.jpg/thumb/120,https://autos.maxabout.com/cars/bmw/6-series,BMW 6 Series,"₹ 86,40,000 - ₹ 130,40,000"
https://autos.maxabout.com/cars/bmw,BMW Cars,https://ic1.maxabout.us//autos/cars_india/company-logos/bmw-20.jpg/,BMW,47,https://ic1.maxabout.us/autos/cars_india//N/2017/10/new-bmw-7-series-xdrive-v12.jpg/thumb/120,https://autos.maxabout.com/cars/bmw/7-series,BMW 7 Series,"₹ 83,40,000 - ₹ 244,90,000"
https://autos.maxabout.com/cars/bmw,BMW Cars,https://ic1.maxabout.us//autos/cars_india/company-logos/bmw-20.jpg/,BMW,47,https://ic1.maxabout.us/autos/cars_india//N/2017/10/new-bmw-i8.jpg/thumb/120,https://autos.maxabout.com/cars/bmw/i8,BMW i8,"₹ 262,00,000"
https://autos.maxabout.com/cars/bmw,BMW Cars,https://ic1.maxabout.us//autos/cars_india/company-logos/bmw-20.jpg/,BMW,47,https://ic1.maxabout.us/autos/cars_india//N/2017/10/new-bmw-m3-sedan.jpg/thumb/120,https://autos.maxabout.com/cars/bmw/m3,BMW M3,"₹ 130,20,000"
https://autos.maxabout.com/cars/bmw,BMW Cars,https://ic1.maxabout.us//autos/cars_india/company-logos/bmw-20.jpg/,BMW,47,https://ic1.maxabout.us/autos/cars_india//N/2017/10/new-bmw-m4-coupe.jpg/thumb/120,https://autos.maxabout.com/cars/bmw/m4,BMW M4,"₹ 133,05,000"
https://autos.maxabout.com/cars/bmw,BMW Cars,https://ic1.maxabout.us//autos/cars_india/company-logos/bmw-20.jpg/,BMW,47,https://ic1.maxabout.us/autos/cars_india//B/2014/10/bmw-m5-p.jpg/thumb/120,https://autos.maxabout.com/cars/bmw/m5,BMW M5,"₹ 143,90,000"
https://autos.maxabout.com/cars/bmw,BMW Cars,https://ic1.maxabout.us//autos/cars_india/company-logos/bmw-20.jpg/,BMW,47,https://ic1.maxabout.us/autos/cars_india//N/2017/10/new-bmw-m6.jpg/thumb/120,https://autos.maxabout.com/cars/bmw/m6,BMW M6,"₹ 185,00,000"
https://autos.maxabout.com/cars/bmw,BMW Cars,https://ic1.maxabout.us//autos/cars_india/company-logos/bmw-20.jpg/,BMW,47,https://ic1.maxabout.us/autos/cars_india//N/2017/10/new-bmw-x1-expedition.jpg/thumb/120,https://autos.maxabout.com/cars/bmw/x1,BMW X1,"₹ 34,50,000 - ₹ 44,50,000"
https://autos.maxabout.com/cars/bmw,BMW Cars,https://ic1.maxabout.us//autos/cars_india/company-logos/bmw-20.jpg/,BMW,47,https://ic1.maxabout.us/autos/cars_india//N/2017/10/new-bmw-x3-m-sport.jpg/thumb/120,https://autos.maxabout.com/cars/bmw/x3,BMW X3,"₹ 35,91,102 - ₹ 56,70,000"
https://autos.maxabout.com/cars/bmw,BMW Cars,https://ic1.maxabout.us//autos/cars_india/company-logos/bmw-20.jpg/,BMW,47,https://ic1.maxabout.us/autos/cars_india//N/2017/10/new-bmw-x5-dpe.jpg/thumb/120,https://autos.maxabout.com/cars/bmw/x5,BMW X5,"₹ 77,90,000 - ₹ 177,00,000"
https://autos.maxabout.com/cars/bmw,BMW Cars,https://ic1.maxabout.us//autos/cars_india/company-logos/bmw-20.jpg/,BMW,47,https://ic1.maxabout.us/autos/cars_india//N/2017/10/new-bmw-x6-m-sport.jpg/thumb/120,https://autos.maxabout.com/cars/bmw/x6,BMW X6,"₹ 129,50,000 - ₹ 182,40,000"
https://autos.maxabout.com/cars/bmw,BMW Cars,https://ic1.maxabout.us//autos/cars_india/company-logos/bmw-20.jpg/,BMW,47,https://ic1.maxabout.us/autos/cars_india//B/2014/10/bmw-z4-p.jpg/thumb/120,https://autos.maxabout.com/cars/bmw/z4,BMW Z4,"₹ 61,80,000 - ₹ 82,80,000"
https://autos.maxabout.com/cars/brabus,Brabus Cars,https://ic1.maxabout.us//autos/cars_india/company-logos/brabus-64.jpg/,Brabus,8,https://ic1.maxabout.us/autos/cars_india/brabus-64-bullit-591-bullit.jpg/thumb/120,https://autos.maxabout.com/cars/brabus/bullit,Brabus Bullit,"₹ 175,00,000"
https://autos.maxabout.com/cars/brabus,Brabus Cars,https://ic1.maxabout.us//autos/cars_india/company-logos/brabus-64.jpg/,Brabus,8,https://ic1.maxabout.us/autos/cars_india/brabus-64/ev12-593-e-v122011.jpg/thumb/120,https://autos.maxabout.com/cars/brabus/ev12,Brabus EV12,"₹ 190,00,000"
https://autos.maxabout.com/cars/brabus,Brabus Cars,https://ic1.maxabout.us//autos/cars_india/company-logos/brabus-64.jpg/,Brabus,8,https://ic1.maxabout.us/autos/cars_india/brabus-64/ml63-595-ml-63-biturbo.jpg/thumb/120,https://autos.maxabout.com/cars/brabus/ml63,Brabus ML63,"₹ 175,00,000"
https://autos.maxabout.com/cars/brabus,Brabus Cars,https://ic1.maxabout.us//autos/cars_india/company-logos/brabus-64.jpg/,Brabus,8,https://ic1.maxabout.us/autos/cars_india/brabus-64/rocket-594-rocket.jpg/thumb/120,https://autos.maxabout.com/cars/brabus/rocket,Brabus Rocket,"₹ 210,00,000"
https://autos.maxabout.com/cars/brabus,Brabus Cars,https://ic1.maxabout.us//autos/cars_india/company-logos/brabus-64.jpg/,Brabus,8,https://ic1.maxabout.us/autos/cars_india/brabus-64/sls-757-sls.jpg/thumb/120,https://autos.maxabout.com/cars/brabus/sls,Brabus SLS,"₹ 260,00,000"
https://autos.maxabout.com/cars/brabus,Brabus Cars,https://ic1.maxabout.us//autos/cars_india/company-logos/brabus-64.jpg/,Brabus,8,https://ic1.maxabout.us/autos/cars_india/brabus-64/sv12r-597-sv12-r.jpg/thumb/120,https://autos.maxabout.com/cars/brabus/sv12r,Brabus SV12R,"₹ 700,00,000"
https://autos.maxabout.com/cars/brabus,Brabus Cars,https://ic1.maxabout.us//autos/cars_india/company-logos/brabus-64.jpg/,Brabus,8,https://ic1.maxabout.us/autos/cars_india/brabus-64/t13-596-t13-coupe.jpg/thumb/120,https://autos.maxabout.com/cars/brabus/t13,Brabus T13,"₹ 110,00,000"
https://autos.maxabout.com/cars/brabus,Brabus Cars,https://ic1.maxabout.us//autos/cars_india/company-logos/brabus-64.jpg/,Brabus,8,https://ic1.maxabout.us/autos/cars_india/brabus-64/widestar-754-widestar2013.jpg/thumb/120,https://autos.maxabout.com/cars/brabus/widestar,Brabus Widestar,"₹ 160,00,000"
https://autos.maxabout.com/cars/caterham,Caterham Cars,https://ic1.maxabout.us//autos/cars_india/company-logos//C/2014/10/caterham-logo.jpg/,Caterham,1,https://ic1.maxabout.us/autos/cars_india/caterham-80/7-987-7-classic.jpg/thumb/120,https://autos.maxabout.com/cars/caterham/7,Caterham 7,"₹ 28,63,000"
https://autos.maxabout.com/cars/citroen,Citroen Cars,https://ic1.maxabout.us//autos/cars_india/company-logos/citroen-49.jpg/,Citroen,6,https://ic1.maxabout.us/autos/cars_india//N/2022/7/new-citroen-c3-price-in-india.jpg/thumb/120,https://autos.maxabout.com/cars/citroen/c3,Citroen C3,"₹ 5,70,500 - ₹ 8,05,500"
https://autos.maxabout.com/cars/citroen,Citroen Cars,https://ic1.maxabout.us//autos/cars_india/company-logos/citroen-49.jpg/,Citroen,6,https://ic1.maxabout.us/autos/cars_india//N/2021/5/new-citroen-c5-aircross-suv.jpg/thumb/120,https://autos.maxabout.com/cars/citroen/c5,Citroen C5,"₹ 32,00,000 - ₹ 33,78,400"
https://autos.maxabout.com/cars/conquest,Conquest Cars,https://ic1.maxabout.us//autos/cars_india/company-logos//C/2014/10/conquest-logo.jpg/,Conquest,1,https://ic1.maxabout.us/autos/cars_india/conquest-86/evade-1067-evade.jpg/thumb/120,https://autos.maxabout.com/cars/conquest/evade,Conquest Evade,"₹ 850,00,000"
https://autos.maxabout.com/cars/datsun,Datsun Cars,https://ic1.maxabout.us//autos/cars_india/company-logos/datsun-88.jpg/,Datsun,10,https://ic1.maxabout.us/autos/cars_india//N/2022/4/new-datsun-go-price-in-india.jpg/thumb/120,https://autos.maxabout.com/cars/datsun/go,Datsun GO,"₹ 4,02,778 - ₹ 6,51,238"
https://autos.maxabout.com/cars/datsun,Datsun Cars,https://ic1.maxabout.us//autos/cars_india/company-logos/datsun-88.jpg/,Datsun,10,https://ic1.maxabout.us/autos/cars_india//N/2022/4/new-datsun-go-plus-price-in-india.jpg/thumb/120,https://autos.maxabout.com/cars/datsun/go-plus,Datsun GO+,"₹ 4,25,926 - ₹ 6,99,976"
https://autos.maxabout.com/cars/datsun,Datsun Cars,https://ic1.maxabout.us//autos/cars_india/company-logos/datsun-88.jpg/,Datsun,10,https://ic1.maxabout.us/autos/cars_india//N/2022/4/new-datsun-redi-go-price-in-india.jpg/thumb/120,https://autos.maxabout.com/cars/datsun/redi-go,Datsun redi-GO,"₹ 3,83,800 - ₹ 4,95,600"
https://autos.maxabout.com/cars/dc,DC Cars,https://ic1.maxabout.us//autos/cars_india/company-logos//D/2014/10/dc-logo.jpg/,DC,4,https://ic1.maxabout.us/autos/cars_india//D/2015/4/dc-avanti-turbo-p.jpg/thumb/120,https://autos.maxabout.com/cars/dc/avanti,DC Avanti,"₹ 34,93,000 - ₹ 40,00,000"
https://autos.maxabout.com/cars/dc,DC Cars,https://ic1.maxabout.us//autos/cars_india/company-logos//D/2014/10/dc-logo.jpg/,DC,4,https://ic1.maxabout.us/autos/cars_india//D/2015/4/dc-eleron-suv-p2.jpg/thumb/120,https://autos.maxabout.com/cars/dc/eleron,DC Eleron,"₹ 35,00,000"
https://autos.maxabout.com/cars/dc,DC Cars,https://ic1.maxabout.us//autos/cars_india/company-logos//D/2014/10/dc-logo.jpg/,DC,4,https://ic1.maxabout.us/autos/cars_india//D/2015/3/dc-tia-p.jpg/thumb/120,https://autos.maxabout.com/cars/dc/tia,DC Tia,"₹ 18,00,000"
https://autos.maxabout.com/cars/deronda,Deronda Cars,https://ic1.maxabout.us//autos/cars_india/company-logos//D/2014/10/deronda-logo.jpg/,Deronda,1,https://ic1.maxabout.us/autos/cars_india/deronda-84/type-f-1061-type-f.jpg/thumb/120,https://autos.maxabout.com/cars/deronda/type-f,Deronda Type F,"₹ 40,00,000"
https://autos.maxabout.com/cars/eicher-polaris,Eicher Polaris Cars,https://ic1.maxabout.us//autos/cars_india/company-logos//E/2015/6/eicher-polaris-logo.jpg/,Eicher Polaris,1,https://ic1.maxabout.us/autos/cars_india//E/2015/6/eicher-polaris-multix-p.jpg/thumb/120,https://autos.maxabout.com/cars/eicher-polaris/multix,Eicher Polaris MultiX,"₹ 2,72,000"
https://autos.maxabout.com/cars/ferrari,Ferrari Cars,https://ic1.maxabout.us//autos/cars_india/company-logos/ferrari-42.jpg/,Ferrari,16,https://ic1.maxabout.us/autos/cars_india//F/2015/3/ferrari-458-italia-p.jpg/thumb/120,https://autos.maxabout.com/cars/ferrari/458,Ferrari 458,"₹ 257,00,000 - ₹ 407,00,000"
https://autos.maxabout.com/cars/ferrari,Ferrari Cars,https://ic1.maxabout.us//autos/cars_india/company-logos/ferrari-42.jpg/,Ferrari,16,https://ic1.maxabout.us/autos/cars_india//C/2014/5/california-t.jpg/thumb/120,https://autos.maxabout.com/cars/ferrari/california,Ferrari California,"₹ 220,00,000 - ₹ 330,00,000"
https://autos.maxabout.com/cars/ferrari,Ferrari Cars,https://ic1.maxabout.us//autos/cars_india/company-logos/ferrari-42.jpg/,Ferrari,16,https://ic1.maxabout.us/autos/cars_india//F/2015/4/ferrari-f12-berlinetta-p.jpg/thumb/120,https://autos.maxabout.com/cars/ferrari/f12-berlinetta,Ferrari F12 Berlinetta,"₹ 472,00,000"
https://autos.maxabout.com/cars/ferrari,Ferrari Cars,https://ic1.maxabout.us//autos/cars_india/company-logos/ferrari-42.jpg/,Ferrari,16,https://ic1.maxabout.us/autos/cars_india/ferrari-42/ff-799-fffor-four.jpg/thumb/120,https://autos.maxabout.com/cars/ferrari/ff,Ferrari FF,"₹ 340,00,000"
https://autos.maxabout.com/cars/fiat,Fiat Cars,https://ic1.maxabout.us//autos/cars_india/company-logos/fiat-7.jpg/,Fiat,29,https://ic1.maxabout.us/autos/cars_india//N/2015/9/new-fiat-punto-abarth-p.jpg/thumb/120,https://autos.maxabout.com/cars/fiat/abarth,Fiat Abarth,"₹ 9,67,082 - ₹ 29,85,000"
https://autos.maxabout.com/cars/fiat,Fiat Cars,https://ic1.maxabout.us//autos/cars_india/company-logos/fiat-7.jpg/,Fiat,29,https://ic1.maxabout.us/autos/cars_india//F/2015/2/fiat-punto-avventura-p.jpg/thumb/120,https://autos.maxabout.com/cars/fiat/punto-avventura,Fiat Avventura,"₹ 6,82,906 - ₹ 8,76,340"
https://autos.maxabout.com/cars/fiat,Fiat Cars,https://ic1.maxabout.us//autos/cars_india/company-logos/fiat-7.jpg/,Fiat,29,https://ic1.maxabout.us/autos/cars_india//F/2014/10/fiat-linea-p.jpg/thumb/120,https://autos.maxabout.com/cars/fiat/linea,Fiat Linea,"₹ 6,98,259 - ₹ 9,97,763"
https://autos.maxabout.com/cars/fiat,Fiat Cars,https://ic1.maxabout.us//autos/cars_india/company-logos/fiat-7.jpg/,Fiat,29,https://ic1.maxabout.us/autos/cars_india//F/2014/10/fiat-linea-classic-p.jpg/thumb/120,https://autos.maxabout.com/cars/fiat/linea-classic,Fiat Linea Classic,"₹ 5,87,022 - ₹ 6,46,336"
https://autos.maxabout.com/cars/fiat,Fiat Cars,https://ic1.maxabout.us//autos/cars_india/company-logos/fiat-7.jpg/,Fiat,29,https://ic1.maxabout.us/autos/cars_india//F/2014/10/fiat-punto-evo-p.jpg/thumb/120,https://autos.maxabout.com/cars/fiat/punto-evo,Fiat Punto Evo,"₹ 5,09,169 - ₹ 7,47,773"
https://autos.maxabout.com/cars/fiat,Fiat Cars,https://ic1.maxabout.us//autos/cars_india/company-logos/fiat-7.jpg/,Fiat,29,https://ic1.maxabout.us/autos/cars_india//F/2016/2/fiat-punto-pure-p.jpg/thumb/120,https://autos.maxabout.com/cars/fiat/punto-pure,Fiat Punto Pure,"₹ 4,82,330 - ₹ 5,75,947"
https://autos.maxabout.com/cars/fiat,Fiat Cars,https://ic1.maxabout.us//autos/cars_india/company-logos/fiat-7.jpg/,Fiat,29,https://ic1.maxabout.us/autos/cars_india//F/2016/9/fiat-urban-cross-india.jpg/thumb/120,https://autos.maxabout.com/cars/fiat/urban-cross,Fiat Urban Cross,"₹ 6,77,618 - ₹ 9,77,516"
https://autos.maxabout.com/cars/force-motors,Force Cars,https://ic1.maxabout.us//autos/cars_india/company-logos/force-motors-31.jpg/,Force,10,https://ic1.maxabout.us/autos/cars_india//N/2022/6/new-force-gurkha-price-in-india.jpg/thumb/120,https://autos.maxabout.com/cars/force-motors/gurkha,Force Gurkha,"₹ 14,49,000"
https://autos.maxabout.com/cars/force-motors,Force Cars,https://ic1.maxabout.us//autos/cars_india/company-logos/force-motors-31.jpg/,Force,10,https://ic1.maxabout.us/autos/cars_india//F/2015/3/force-motors-force-one-p.jpg/thumb/120,https://autos.maxabout.com/cars/force-motors/force-one,Force One,"₹ 9,38,000 - ₹ 14,02,000"
https://autos.maxabout.com/cars/force-motors,Force Cars,https://ic1.maxabout.us//autos/cars_india/company-logos/force-motors-31.jpg/,Force,10,https://ic1.maxabout.us/autos/cars_india//F/2021/10/force-traveller-3050.jpg/thumb/120,https://autos.maxabout.com/cars/force/traveller,Force Traveller,"₹ 13,17,147 - ₹ 19,41,970"
https://autos.maxabout.com/cars/force-motors,Force Cars,https://ic1.maxabout.us//autos/cars_india/company-logos/force-motors-31.jpg/,Force,10,https://ic1.maxabout.us/autos/cars_india//F/2015/3/force-motors-trax-toofan-p.jpg/thumb/120,https://autos.maxabout.com/cars/force-motors/trax,Force Trax,"₹ 10,51,207 - ₹ 14,87,861"
https://autos.maxabout.com/cars/force-motors,Force Cars,https://ic1.maxabout.us//autos/cars_india/company-logos/force-motors-31.jpg/,Force,10,https://ic1.maxabout.us/autos/cars_india//F/2015/3/force-motors-trip-p.jpg/thumb/120,https://autos.maxabout.com/cars/force-motors/trip,Force Trip,"₹ 3,00,000"
https://autos.maxabout.com/cars/ford,Ford Cars,https://ic1.maxabout.us//autos/cars_india/company-logos/ford-2.jpg/,Ford,41,https://ic1.maxabout.us/autos/cars_india//N/2020/12/new-ford-aspire-sedan.jpg/thumb/120,https://autos.maxabout.com/cars/ford/figo-aspire,Ford Aspire,"₹ 6,09,000 - ₹ 8,73,000"
https://autos.maxabout.com/cars/ford,Ford Cars,https://ic1.maxabout.us//autos/cars_india/company-logos/ford-2.jpg/,Ford,41,https://ic1.maxabout.us/autos/cars_india//N/2020/12/new-ford-ecosport-thunder.jpg/thumb/120,https://autos.maxabout.com/cars/ford/ecosport-suv,Ford EcoSport,"₹ 8,19,000 - ₹ 11,69,000"
https://autos.maxabout.com/cars/ford,Ford Cars,https://ic1.maxabout.us//autos/cars_india/company-logos/ford-2.jpg/,Ford,41,https://ic1.maxabout.us/autos/cars_india//N/2020/12/new-ford-endeavour-india.jpg/thumb/120,https://autos.maxabout.com/cars/ford/endeavour,Ford Endeavour,"₹ 29,99,000 - ₹ 36,26,600"
https://autos.maxabout.com/cars/ford,Ford Cars,https://ic1.maxabout.us//autos/cars_india/company-logos/ford-2.jpg/,Ford,41,https://ic1.maxabout.us/autos/cars_india//N/2020/12/new-ford-figo-titanium-blu-hatchback.jpg/thumb/120,https://autos.maxabout.com/cars/ford/figo,Ford Figo,"₹ 5,82,000 - ₹ 8,37,000"
https://autos.maxabout.com/cars/ford,Ford Cars,https://ic1.maxabout.us//autos/cars_india/company-logos/ford-2.jpg/,Ford,41,https://ic1.maxabout.us/autos/cars_india//2/2021/1/2021-ford-freestyle.jpg/thumb/120,https://autos.maxabout.com/cars/ford/freestyle,Ford Freestyle,"₹ 5,99,000 - ₹ 9,03,000"
https://autos.maxabout.com/cars/honda,Honda Cars,https://ic1.maxabout.us//autos/cars_india/company-logos/honda-5.jpg/,Honda,42,https://ic1.maxabout.us/autos/cars_india//N/2022/7/new-honda-amaze-price-in-india.jpg/thumb/120,https://autos.maxabout.com/cars/honda/amaze,Honda Amaze,"₹ 6,56,300 - ₹ 11,39,300"
https://autos.maxabout.com/cars/honda,Honda Cars,https://ic1.maxabout.us//autos/cars_india/company-logos/honda-5.jpg/,Honda,42,https://ic1.maxabout.us/autos/cars_india//H/2022/3/honda-city-4th-gen-price-in-india.jpg/thumb/120,https://autos.maxabout.com/cars/honda/city,Honda City 4th Gen,"₹ 8,41,000 - ₹ 9,99,900"
https://autos.maxabout.com/cars/honda,Honda Cars,https://ic1.maxabout.us//autos/cars_india/company-logos/honda-5.jpg/,Honda,42,https://ic1.maxabout.us/autos/cars_india//N/2022/3/new-honda-city-5th-gen-price-in-india.jpg/thumb/120,https://autos.maxabout.com/cars/honda/city-5th-gen,Honda City 5th Gen,"₹ 11,46,300 - ₹ 19,49,900"
https://autos.maxabout.com/cars/honda,Honda Cars,https://ic1.maxabout.us//autos/cars_india/company-logos/honda-5.jpg/,Honda,42,https://ic1.maxabout.us/autos/cars_india//N/2022/3/new-honda-jazz-price-in-india.jpg/thumb/120,https://autos.maxabout.com/cars/honda/jazz,Honda Jazz,"₹ 7,90,100 - ₹ 10,21,300"
https://autos.maxabout.com/cars/honda,Honda Cars,https://ic1.maxabout.us//autos/cars_india/company-logos/honda-5.jpg/,Honda,42,https://ic1.maxabout.us/autos/cars_india//N/2022/3/new-honda-wr-v-price-in-india.jpg/thumb/120,https://autos.maxabout.com/cars/honda/wr-v,Honda WR-V,"₹ 8,99,900 - ₹ 12,20,100"
https://autos.maxabout.com/cars/hyundai,Hyundai Cars,https://ic1.maxabout.us//autos/cars_india/company-logos//H/2018/5/hyundai-cars-india-autos-maxabout.jpg/,Hyundai,76,https://ic1.maxabout.us/autos/cars_india//N/2022/3/new-hyundai-alcazar-price-in-india.jpg/thumb/120,https://autos.maxabout.com/cars/hyundai/alcazar,Hyundai Alcazar,"₹ 16,44,400 - ₹ 20,14,900"
https://autos.maxabout.com/cars/hyundai,Hyundai Cars,https://ic1.maxabout.us//autos/cars_india/company-logos//H/2018/5/hyundai-cars-india-autos-maxabout.jpg/,Hyundai,76,https://ic1.maxabout.us/autos/cars_india//N/2022/3/new-hyundai-aura-price-in-india.jpg/thumb/120,https://autos.maxabout.com/cars/hyundai/aura,Hyundai Aura,"₹ 6,08,900 - ₹ 9,50,900"
https://autos.maxabout.com/cars/hyundai,Hyundai Cars,https://ic1.maxabout.us//autos/cars_india/company-logos//H/2018/5/hyundai-cars-india-autos-maxabout.jpg/,Hyundai,76,https://ic1.maxabout.us/autos/cars_india//N/2022/3/new-hyundai-creta-price-in-india.jpg/thumb/120,https://autos.maxabout.com/cars/hyundai/creta,Hyundai Creta,"₹ 10,44,000 - ₹ 18,18,000"
https://autos.maxabout.com/cars/hyundai,Hyundai Cars,https://ic1.maxabout.us//autos/cars_india/company-logos//H/2018/5/hyundai-cars-india-autos-maxabout.jpg/,Hyundai,76,https://ic1.maxabout.us/autos/cars_india//N/2022/3/new-hyundai-creta-price-in-india.jpg/thumb/120,https://autos.maxabout.com/cars/hyundai/creta-2021,Hyundai Creta (2021),"₹ 16,64,000 - ₹ 16,90,000"
https://autos.maxabout.com/cars/hyundai,Hyundai Cars,https://ic1.maxabout.us//autos/cars_india/company-logos//H/2018/5/hyundai-cars-india-autos-maxabout.jpg/,Hyundai,76,https://ic1.maxabout.us/autos/cars_india//N/2020/11/new-hyundai-elantra-bs6.jpg/thumb/120,https://autos.maxabout.com/cars/hyundai/elantra,Hyundai Elantra,"₹ 17,86,100 - ₹ 21,13,100"
https://autos.maxabout.com/cars/hyundai,Hyundai Cars,https://ic1.maxabout.us//autos/cars_india/company-logos//H/2018/5/hyundai-cars-india-autos-maxabout.jpg/,Hyundai,76,https://ic1.maxabout.us/autos/cars_india//N/2022/3/new-hyundai-grand-i10-nios-price-in-india.jpg/thumb/120,https://autos.maxabout.com/cars/hyundai/grand-i10-nios,Hyundai Grand i10 Nios,"₹ 5,39,000 - ₹ 8,51,450"
https://autos.maxabout.com/cars/hyundai,Hyundai Cars,https://ic1.maxabout.us//autos/cars_india/company-logos//H/2018/5/hyundai-cars-india-autos-maxabout.jpg/,Hyundai,76,https://ic1.maxabout.us/autos/cars_india//N/2022/3/new-hyundai-i20-price-in-india.jpg/thumb/120,https://autos.maxabout.com/cars/hyundai/i20,Hyundai i20,"₹ 7,03,000 - ₹ 11,53,500"
https://autos.maxabout.com/cars/hyundai,Hyundai Cars,https://ic1.maxabout.us//autos/cars_india/company-logos//H/2018/5/hyundai-cars-india-autos-maxabout.jpg/,Hyundai,76,https://ic1.maxabout.us/autos/cars_india//N/2022/3/new-hyundai-i20-n-line-price-in-india.jpg/thumb/120,https://autos.maxabout.com/cars/hyundai/i20-n-line,Hyundai i20 N Line,"₹ 9,95,900 - ₹ 12,02,300"
https://autos.maxabout.com/cars/hyundai,Hyundai Cars,https://ic1.maxabout.us//autos/cars_india/company-logos//H/2018/5/hyundai-cars-india-autos-maxabout.jpg/,Hyundai,76,https://ic1.maxabout.us/autos/cars_india//N/2022/3/new-hyundai-kona-electric-price-in-india.jpg/thumb/120,https://autos.maxabout.com/cars/hyundai/kona,Hyundai Kona Electric,"₹ 23,84,000 - ₹ 24,02,800"
https://autos.maxabout.com/cars/hyundai,Hyundai Cars,https://ic1.maxabout.us//autos/cars_india/company-logos//H/2018/5/hyundai-cars-india-autos-maxabout.jpg/,Hyundai,76,https://ic1.maxabout.us/autos/cars_india//N/2022/3/new-hyundai-santro-price-in-india.jpg/thumb/120,https://autos.maxabout.com/cars/hyundai/santro-2019,Hyundai Santro,"₹ 4,89,700 - ₹ 6,44,690"
https://autos.maxabout.com/cars/hyundai,Hyundai Cars,https://ic1.maxabout.us//autos/cars_india/company-logos//H/2018/5/hyundai-cars-india-autos-maxabout.jpg/,Hyundai,76,https://ic1.maxabout.us/autos/cars_india//N/2022/3/new-hyundai-tucson-price-in-india.jpg/thumb/120,https://autos.maxabout.com/cars/hyundai/tucson-ix35,Hyundai Tucson,"₹ 22,69,100 - ₹ 30,17,000"
https://autos.maxabout.com/cars/hyundai,Hyundai Cars,https://ic1.maxabout.us//autos/cars_india/company-logos//H/2018/5/hyundai-cars-india-autos-maxabout.jpg/,Hyundai,76,https://ic1.maxabout.us/autos/cars_india//N/2022/6/new-hyundai-venue-price-in-india.jpg/thumb/120,https://autos.maxabout.com/cars/hyundai/venue-suv,Hyundai Venue,"₹ 7,53,100 - ₹ 12,72,000"
https://autos.maxabout.com/cars/hyundai,Hyundai Cars,https://ic1.maxabout.us//autos/cars_india/company-logos//H/2018/5/hyundai-cars-india-autos-maxabout.jpg/,Hyundai,76,https://ic1.maxabout.us/autos/cars_india//N/2022/3/new-hyundai-verna-price-in-india.jpg/thumb/120,https://autos.maxabout.com/cars/hyundai/verna,Hyundai Verna,"₹ 9,40,600 - ₹ 15,44,600"
https://autos.maxabout.com/cars/hyundai,Hyundai Cars,https://ic1.maxabout.us//autos/cars_india/company-logos//H/2018/5/hyundai-cars-india-autos-maxabout.jpg/,Hyundai,76,https://ic1.maxabout.us/autos/cars_india//H/2020/12/hyundai-xcent-prime.jpg/thumb/120,https://autos.maxabout.com/cars/hyundai/xcent-prime,Hyundai Xcent Prime,"₹ 6,40,840 - ₹ 7,29,302"
https://autos.maxabout.com/cars/icml,ICML Cars,https://ic1.maxabout.us//autos/cars_india/company-logos/icml-27.jpg/,ICML,5,https://ic1.maxabout.us/autos/cars_india//I/2014/10/icml-extreme-p.jpg/thumb/120,https://autos.maxabout.com/cars/icml/extreme,ICML Extreme,"₹ 6,66,000 - ₹ 9,78,000"
https://autos.maxabout.com/cars/isuzu,Isuzu Cars,https://ic1.maxabout.us//autos/cars_india/company-logos/isuzu-44.jpg/,Isuzu,11,https://ic1.maxabout.us/autos/cars_india//I/2021/5/isuzu-d-max-1240-kg.jpg/thumb/120,https://autos.maxabout.com/cars/isuzu/d-max,Isuzu D-Max,"₹ 10,99,900 - ₹ 11,09,900"
https://autos.maxabout.com/cars/isuzu,Isuzu Cars,https://ic1.maxabout.us//autos/cars_india/company-logos/isuzu-44.jpg/,Isuzu,11,https://ic1.maxabout.us/autos/cars_india//2/2021/5/2021-isuzu-hi-lander.jpg/thumb/120,https://autos.maxabout.com/cars/isuzu/hi-lander,Isuzu Hi-Lander,"₹ 19,49,900"
https://autos.maxabout.com/cars/isuzu,Isuzu Cars,https://ic1.maxabout.us//autos/cars_india/company-logos/isuzu-44.jpg/,Isuzu,11,https://ic1.maxabout.us/autos/cars_india//2/2021/5/2021-isuzu-mu-x.jpg/thumb/120,https://autos.maxabout.com/cars/isuzu/mu-x,Isuzu MU-X,"₹ 34,99,900 - ₹ 37,89,900"
https://autos.maxabout.com/cars/isuzu,Isuzu Cars,https://ic1.maxabout.us//autos/cars_india/company-logos/isuzu-44.jpg/,Isuzu,11,https://ic1.maxabout.us/autos/cars_india//2/2021/5/2021-isuzu-s-cab.jpg/thumb/120,https://autos.maxabout.com/cars/isuzu/s-cab,Isuzu S-Cab,"₹ 12,54,900"
https://autos.maxabout.com/cars/isuzu,Isuzu Cars,https://ic1.maxabout.us//autos/cars_india/company-logos/isuzu-44.jpg/,Isuzu,11,https://ic1.maxabout.us/autos/cars_india//2/2021/5/2021-isuzu-v-cross.jpg/thumb/120,https://autos.maxabout.com/cars/isuzu/v-cross,Isuzu V-Cross,"₹ 22,07,047 - ₹ 26,99,900"
https://autos.maxabout.com/cars/jaguar,Jaguar Cars,https://ic1.maxabout.us//autos/cars_india/company-logos/jaguar-43.jpg/,Jaguar,18,https://ic1.maxabout.us/autos/cars_india//J/2017/11/jaguar-f-pace-r-sport.jpg/thumb/120,https://autos.maxabout.com/cars/jaguar/f-pace,Jaguar F-Pace,"₹ 62,99,000 - ₹ 115,95,000"
https://autos.maxabout.com/cars/jaguar,Jaguar Cars,https://ic1.maxabout.us//autos/cars_india/company-logos/jaguar-43.jpg/,Jaguar,18,https://ic1.maxabout.us/autos/cars_india//N/2022/6/new-jaguar-f-type-coupe-r-dynamic-price-in-india.jpg/thumb/120,https://autos.maxabout.com/cars/jaguar/f-type,Jaguar F-Type,"₹ 98,13,000 - ₹ 280,05,000"
https://autos.maxabout.com/cars/jaguar,Jaguar Cars,https://ic1.maxabout.us//autos/cars_india/company-logos/jaguar-43.jpg/,Jaguar,18,https://ic1.maxabout.us/autos/cars_india//J/2016/2/jaguar-f-pace-p.jpg/thumb/120,https://autos.maxabout.com/cars/jaguar/i-pace,Jaguar I-Pace,"₹ 108,14,000 - ₹ 112,29,000"
https://autos.maxabout.com/cars/jaguar,Jaguar Cars,https://ic1.maxabout.us//autos/cars_india/company-logos/jaguar-43.jpg/,Jaguar,18,https://ic1.maxabout.us/autos/cars_india//N/2022/7/new-jaguar-xe-price-in-india.jpg/thumb/120,https://autos.maxabout.com/cars/jaguar/xe,Jaguar XE,"₹ 39,73,000 - ₹ 48,50,000"
https://autos.maxabout.com/cars/jaguar,Jaguar Cars,https://ic1.maxabout.us//autos/cars_india/company-logos/jaguar-43.jpg/,Jaguar,18,https://ic1.maxabout.us/autos/cars_india//J/2017/10/jaguar-xf-pure.jpg/thumb/120,https://autos.maxabout.com/cars/jaguar/xf,Jaguar XF,"₹ 49,58,000 - ₹ 76,00,000"
https://autos.maxabout.com/cars/jaguar,Jaguar Cars,https://ic1.maxabout.us//autos/cars_india/company-logos/jaguar-43.jpg/,Jaguar,18,https://ic1.maxabout.us/autos/cars_india//J/2017/10/jaguar-xj-portfolio.jpg/thumb/120,https://autos.maxabout.com/cars/jaguar/xj,Jaguar XJ,"₹ 93,24,402 - ₹ 110,38,000"
https://autos.maxabout.com/cars/jaguar,Jaguar Cars,https://ic1.maxabout.us//autos/cars_india/company-logos/jaguar-43.jpg/,Jaguar,18,https://ic1.maxabout.us/autos/cars_india//J/2014/12/jaguar-xkr-coupe-p2.jpg/thumb/120,https://autos.maxabout.com/cars/jaguar/xk,Jaguar XK,"₹ 87,80,000 - ₹ 145,80,367"
https://autos.maxabout.com/cars/jeep,Jeep Cars,https://ic1.maxabout.us//autos/cars_india/company-logos/jeep-59.jpg/,Jeep,12,https://ic1.maxabout.us/autos/cars_india//N/2022/7/new-jeep-compass-sport-price-in-india.jpg/thumb/120,https://autos.maxabout.com/cars/jeep/compass,Jeep Compass,"₹ 18,39,000 - ₹ 29,94,000"
https://autos.maxabout.com/cars/jeep,Jeep Cars,https://ic1.maxabout.us//autos/cars_india/company-logos/jeep-59.jpg/,Jeep,12,https://ic1.maxabout.us/autos/cars_india//N/2022/4/new-jeep-compass-night-eagle-price-in-india.jpg/thumb/120,https://autos.maxabout.com/cars/jeep/compass-night-eagle,Jeep Compass Night Eagle,"₹ 22,30,000 - ₹ 23,31,000"
https://autos.maxabout.com/cars/jeep,Jeep Cars,https://ic1.maxabout.us//autos/cars_india/company-logos/jeep-59.jpg/,Jeep,12,https://ic1.maxabout.us/autos/cars_india//N/2022/7/new-jeep-compass-trailhawk-price-in-india.jpg/thumb/120,https://autos.maxabout.com/cars/jeep/compass-trailhawk,Jeep Compass Trailhawk,"₹ 27,60,000 - ₹ 31,32,000"
https://autos.maxabout.com/cars/jeep,Jeep Cars,https://ic1.maxabout.us//autos/cars_india/company-logos/jeep-59.jpg/,Jeep,12,https://ic1.maxabout.us/autos/cars_india//N/2022/5/new-jeep-meridian-price-in-india.jpg/thumb/120,https://autos.maxabout.com/cars/jeep/meridian,Jeep Meridian,"₹ 29,90,000 - ₹ 36,95,000"
https://autos.maxabout.com/cars/jeep,Jeep Cars,https://ic1.maxabout.us//autos/cars_india/company-logos/jeep-59.jpg/,Jeep,12,https://ic1.maxabout.us/autos/cars_india//N/2016/8/new-jeep-wrangler-unlimited.jpg/thumb/120,https://autos.maxabout.com/cars/jeep/wrangler,Jeep Wrangler,"₹ 56,35,000 - ₹ 60,35,000"
https://autos.maxabout.com/cars/kia,Kia Cars,https://ic1.maxabout.us//autos/cars_india/company-logos/kia-66.jpg/,Kia,19,https://ic1.maxabout.us/autos/cars_india//N/2022/4/new-kia-carens-price-in-india.jpg/thumb/120,https://autos.maxabout.com/cars/kia/carens,Kia Carens,"₹ 9,59,900 - ₹ 17,69,900"
https://autos.maxabout.com/cars/kia,Kia Cars,https://ic1.maxabout.us//autos/cars_india/company-logos/kia-66.jpg/,Kia,19,https://ic1.maxabout.us/autos/cars_india//N/2022/4/new-kia-carnival-price-in-india-0.jpg/thumb/120,https://autos.maxabout.com/cars/kia/carnival,Kia Carnival,"₹ 29,95,000 - ₹ 34,99,000"
https://autos.maxabout.com/cars/kia,Kia Cars,https://ic1.maxabout.us//autos/cars_india/company-logos/kia-66.jpg/,Kia,19,https://ic1.maxabout.us/autos/cars_india//N/2022/6/new-kia-ev6-price-in-india.jpg/thumb/120,https://autos.maxabout.com/cars/kia/ev6,Kia EV6,"₹ 59,95,000 - ₹ 64,95,000"
https://autos.maxabout.com/cars/kia,Kia Cars,https://ic1.maxabout.us//autos/cars_india/company-logos/kia-66.jpg/,Kia,19,https://ic1.maxabout.us/autos/cars_india//N/2022/4/new-kia-seltos-gt-series-price-in-india.jpg/thumb/120,https://autos.maxabout.com/cars/kia/seltos,Kia Seltos,"₹ 10,19,000 - ₹ 18,35,000"
https://autos.maxabout.com/cars/kia,Kia Cars,https://ic1.maxabout.us//autos/cars_india/company-logos/kia-66.jpg/,Kia,19,https://ic1.maxabout.us/autos/cars_india//N/2022/4/new-kia-seltos-x-line-price-in-india.jpg/thumb/120,https://autos.maxabout.com/cars/kia/seltos-x-line,Kia Seltos X Line,"₹ 18,15,000 - ₹ 18,45,000"
https://autos.maxabout.com/cars/kia,Kia Cars,https://ic1.maxabout.us//autos/cars_india/company-logos/kia-66.jpg/,Kia,19,https://ic1.maxabout.us/autos/cars_india//N/2022/4/new-kia-sonet-gt-series-price-in-india-1.jpg/thumb/120,https://autos.maxabout.com/cars/kia/sonet,Kia Sonet,"₹ 7,49,000 - ₹ 13,99,000"
https://autos.maxabout.com/cars/kia,Kia Cars,https://ic1.maxabout.us//autos/cars_india/company-logos/kia-66.jpg/,Kia,19,https://ic1.maxabout.us/autos/cars_india//K/2020/12/kia-sonet-ht-dual-tone.jpg/thumb/120,https://autos.maxabout.com/cars/kia/sonet-anniversary-edition,Kia Sonet Anniversary Edition,"₹ 11,75,000 - ₹ 13,09,000 "
https://autos.maxabout.com/cars/koenigsegg,Koenigsegg Cars,https://ic1.maxabout.us//autos/cars_india/company-logos/koenigsegg-69.jpg/,Koenigsegg,4,https://ic1.maxabout.us/autos/cars_india//K/2017/11/koenigsegg-agera-rs.jpg/thumb/120,https://autos.maxabout.com/cars/koenigsegg/agera,Koenigsegg Agera,"₹ 1250,00,000 - ₹ 2900,00,000"
https://autos.maxabout.com/cars/lamborghini,Lamborghini Cars,https://ic1.maxabout.us//autos/cars_india/company-logos/lamborghini-28.jpg/,Lamborghini,15,https://ic1.maxabout.us/autos/cars_india//L/2017/3/lamborghini-aventador-s.jpg/thumb/120,https://autos.maxabout.com/cars/lamborghini/aventador,Lamborghini Aventador,"₹ 369,00,000 - ₹ 600,00,000"
https://autos.maxabout.com/cars/lamborghini,Lamborghini Cars,https://ic1.maxabout.us//autos/cars_india/company-logos/lamborghini-28.jpg/,Lamborghini,15,https://ic1.maxabout.us/autos/cars_india//L/2015/4/lamborghini-huracan-p.jpg/thumb/120,https://autos.maxabout.com/cars/lamborghini/huracan,Lamborghini Huracan,"₹ 299,00,000 - ₹ 397,00,000"
https://autos.maxabout.com/cars/lamborghini,Lamborghini Cars,https://ic1.maxabout.us//autos/cars_india/company-logos/lamborghini-28.jpg/,Lamborghini,15,https://ic1.maxabout.us/autos/cars_india//L/2017/12/lamborghini-urus-suv.jpg/thumb/120,https://autos.maxabout.com/cars/lamborghini/urus,Lamborghini Urus,"₹ 200,00,000 - ₹ 300,00,000"
https://autos.maxabout.com/cars/land-rover,Land Rover Cars,https://ic1.maxabout.us//autos/cars_india/company-logos/land-rover-29.jpg/,Land Rover,18,https://ic1.maxabout.us/autos/cars_india//L/2017/11/land-rover-discovery-first-edition.jpg/thumb/120,https://autos.maxabout.com/cars/land-rover/discovery,Land Rover Discovery,"₹ 74,95,000 - ₹ 107,90,000"
https://autos.maxabout.com/cars/land-rover,Land Rover Cars,https://ic1.maxabout.us//autos/cars_india/company-logos/land-rover-29.jpg/,Land Rover,18,https://ic1.maxabout.us/autos/cars_india//2/2015/8/2016-land-rover-discovery-p.jpg/thumb/120,https://autos.maxabout.com/cars/land-rover/discovery-sport,Land Rover Discovery Sport,"₹ 51,24,000 - ₹ 60,54,000"
https://autos.maxabout.com/cars/land-rover,Land Rover Cars,https://ic1.maxabout.us//autos/cars_india/company-logos/land-rover-29.jpg/,Land Rover,18,https://ic1.maxabout.us/autos/cars_india//L/2014/12/land-rover-freelander-2-p.jpg/thumb/120,https://autos.maxabout.com/cars/land-rover/freelander,Land Rover Freelander,"₹ 46,23,000 - ₹ 51,92,000"
https://autos.maxabout.com/cars/land-rover,Land Rover Cars,https://ic1.maxabout.us//autos/cars_india/company-logos/land-rover-29.jpg/,Land Rover,18,https://ic1.maxabout.us/autos/cars_india//L/2014/12/lr-range-rover-p.jpg/thumb/120,https://autos.maxabout.com/cars/land-rover/range-rover,Land Rover Range Rover,"₹ 252,00,000"
https://autos.maxabout.com/cars/land-rover,Land Rover Cars,https://ic1.maxabout.us//autos/cars_india/company-logos/land-rover-29.jpg/,Land Rover,18,https://ic1.maxabout.us/autos/cars_india//L/2014/12/land-rover-evoque-p.jpg/thumb/120,https://autos.maxabout.com/cars/land-rover/range-rover-evoque,Land Rover Range Rover Evoque,"₹ 48,60,000 - ₹ 80,00,000"
https://autos.maxabout.com/cars/land-rover,Land Rover Cars,https://ic1.maxabout.us//autos/cars_india/company-logos/land-rover-29.jpg/,Land Rover,18,https://ic1.maxabout.us/autos/cars_india//L/2014/12/land-rover-range-rover-lwb-p.jpg/thumb/120,https://autos.maxabout.com/cars/land-rover/range-rover-lwb,Land Rover Range Rover LWB,"₹ 187,16,000 - ₹ 311,70,000"
https://autos.maxabout.com/cars/land-rover,Land Rover Cars,https://ic1.maxabout.us//autos/cars_india/company-logos/land-rover-29.jpg/,Land Rover,18,https://ic1.maxabout.us/autos/cars_india//L/2014/12/lr-range-rover-sport-p.jpg/thumb/120,https://autos.maxabout.com/cars/land-rover/range-rover-sport,Land Rover Range Rover Sport,"₹ 99,48,000 - ₹ 172,03,000"
https://autos.maxabout.com/cars/land-rover,Land Rover Cars,https://ic1.maxabout.us//autos/cars_india/company-logos/land-rover-29.jpg/,Land Rover,18,https://ic1.maxabout.us/autos/cars_india//R/2017/12/range-rover-velar-suv.jpg/thumb/120,https://autos.maxabout.com/cars/land-rover/range-rover-velar,Land Rover Range Rover Velar," ₹ 83,34,000 - ₹ 97,16,000"
https://autos.maxabout.com/cars/lexus,Lexus Cars,https://ic1.maxabout.us//autos/cars_india/company-logos//L/2014/10/lexus-logo.jpg/,Lexus,10,https://ic1.maxabout.us/autos/cars_india/lexus-35/es-438-es350.jpg/thumb/120,https://autos.maxabout.com/cars/lexus/es,Lexus ES,"₹ 55,27,000"
https://autos.maxabout.com/cars/lexus,Lexus Cars,https://ic1.maxabout.us//autos/cars_india/company-logos//L/2014/10/lexus-logo.jpg/,Lexus,10,https://ic1.maxabout.us/autos/cars_india//L/2021/1/lexus-lc.jpg/thumb/120,https://autos.maxabout.com/cars/lexus/lc,Lexus LC,"₹ 209,72,000"
https://autos.maxabout.com/cars/lexus,Lexus Cars,https://ic1.maxabout.us//autos/cars_india/company-logos//L/2014/10/lexus-logo.jpg/,Lexus,10,https://ic1.maxabout.us/autos/cars_india//L/2017/3/lexus-rx450h.jpg/thumb/120,https://autos.maxabout.com/cars/lexus/rx,Lexus RX,"₹ 129,31,000 - ₹ 132,00,000"
https://autos.maxabout.com/cars/lorinser,Lorinser Cars,https://ic1.maxabout.us//autos/cars_india/company-logos/lorinser-56.jpg/,Lorinser,13,https://ic1.maxabout.us/autos/cars_india/lorinser-56/c-class-327-c-classc200.jpg/thumb/120,https://autos.maxabout.com/cars/lorinser/c-class,Lorinser C-Class,NA
https://autos.maxabout.com/cars/lorinser,Lorinser Cars,https://ic1.maxabout.us//autos/cars_india/company-logos/lorinser-56.jpg/,Lorinser,13,https://ic1.maxabout.us/autos/cars_india/lorinser-56/cl-class-334-cl-classcl500.jpg/thumb/120,https://autos.maxabout.com/cars/lorinser/cl-class,Lorinser CL-Class,NA
https://autos.maxabout.com/cars/lorinser,Lorinser Cars,https://ic1.maxabout.us//autos/cars_india/company-logos/lorinser-56.jpg/,Lorinser,13,https://ic1.maxabout.us/autos/cars_india/lorinser-56-clk-class-330-clk-class350.jpg/thumb/120,https://autos.maxabout.com/cars/lorinser/clk-class,Lorinser CLK-Class,NA
https://autos.maxabout.com/cars/lorinser,Lorinser Cars,https://ic1.maxabout.us//autos/cars_india/company-logos/lorinser-56.jpg/,Lorinser,13,https://ic1.maxabout.us/autos/cars_india/lorinser-56/cls-class-332-cls-classcls500.jpg/thumb/120,https://autos.maxabout.com/cars/lorinser/cls-class,Lorinser CLS-Class,NA
https://autos.maxabout.com/cars/lorinser,Lorinser Cars,https://ic1.maxabout.us//autos/cars_india/company-logos/lorinser-56.jpg/,Lorinser,13,https://ic1.maxabout.us/autos/cars_india/lorinser-56/e-class-328-e-classe200.jpg/thumb/120,https://autos.maxabout.com/cars/lorinser/e-class,Lorinser E-Class,NA
https://autos.maxabout.com/cars/lorinser,Lorinser Cars,https://ic1.maxabout.us//autos/cars_india/company-logos/lorinser-56.jpg/,Lorinser,13,https://ic1.maxabout.us/autos/cars_india/lorinser-56/gl-class-736-gl-class2011.jpg/thumb/120,https://autos.maxabout.com/cars/lorinser/gl-class,Lorinser GL-Class,NA
https://autos.maxabout.com/cars/lorinser,Lorinser Cars,https://ic1.maxabout.us//autos/cars_india/company-logos/lorinser-56.jpg/,Lorinser,13,https://ic1.maxabout.us/autos/cars_india/lorinser-56/glk-class-737-glk-class2011.jpg/thumb/120,https://autos.maxabout.com/cars/lorinser/glk-class,Lorinser GLK-Class,NA
https://autos.maxabout.com/cars/lorinser,Lorinser Cars,https://ic1.maxabout.us//autos/cars_india/company-logos/lorinser-56.jpg/,Lorinser,13,https://ic1.maxabout.us/autos/cars_india/lorinser-56/ml-class-329-ml-classml350.jpg/thumb/120,https://autos.maxabout.com/cars/lorinser/ml-class,Lorinser ML-Class,NA
https://autos.maxabout.com/cars/lorinser,Lorinser Cars,https://ic1.maxabout.us//autos/cars_india/company-logos/lorinser-56.jpg/,Lorinser,13,https://ic1.maxabout.us/autos/cars_india/mercedes-14/r-class-679-r-class.jpg/thumb/120,https://autos.maxabout.com/cars/lorinser/r-class,Lorinser R-Class,NA
https://autos.maxabout.com/cars/lorinser,Lorinser Cars,https://ic1.maxabout.us//autos/cars_india/company-logos/lorinser-56.jpg/,Lorinser,13,https://ic1.maxabout.us/autos/cars_india/lorinser-56/s-class-333-s-classs350.jpg/thumb/120,https://autos.maxabout.com/cars/lorinser/s-class,Lorinser S-Class,NA
https://autos.maxabout.com/cars/lorinser,Lorinser Cars,https://ic1.maxabout.us//autos/cars_india/company-logos/lorinser-56.jpg/,Lorinser,13,https://ic1.maxabout.us/autos/cars_india/lorinser-56/sl-class-335-sl-classsl350.jpg/thumb/120,https://autos.maxabout.com/cars/lorinser/sl-class,Lorinser SL-Class,NA
https://autos.maxabout.com/cars/lorinser,Lorinser Cars,https://ic1.maxabout.us//autos/cars_india/company-logos/lorinser-56.jpg/,Lorinser,13,https://ic1.maxabout.us/autos/cars_india//L/2014/9/lorinser-viano-2.jpg/thumb/120,https://autos.maxabout.com/cars/lorinser/viano,Lorinser Viano,NA
https://autos.maxabout.com/cars/mahindra,Mahindra Cars,https://ic1.maxabout.us//autos/cars_india/company-logos/mahindra-15.jpg/,Mahindra,68,https://ic1.maxabout.us/autos/cars_india//N/2022/4/new-mahindra-alturas-g4-price-in-india.jpg/thumb/120,https://autos.maxabout.com/cars/mahindra/alturas-g4,Mahindra Alturas G4,"₹ 28,87,910 - ₹ 31,87,912"
https://autos.maxabout.com/cars/mahindra,Mahindra Cars,https://ic1.maxabout.us//autos/cars_india/company-logos/mahindra-15.jpg/,Mahindra,68,https://ic1.maxabout.us/autos/cars_india//N/2022/4/new-mahindra-bolero-price-in-india.jpg/thumb/120,https://autos.maxabout.com/cars/mahindra/bolero,Mahindra Bolero,"₹ 9,20,700 - ₹ 10,26,400"
https://autos.maxabout.com/cars/mahindra,Mahindra Cars,https://ic1.maxabout.us//autos/cars_india/company-logos/mahindra-15.jpg/,Mahindra,68,https://ic1.maxabout.us/autos/cars_india//N/2021/9/new-mahindra-bolero-camper.jpg/thumb/120,https://autos.maxabout.com/cars/mahindra/bolero-camper,Mahindra Bolero Camper,"₹ 9,27,000 - ₹ 9,76,000"
https://autos.maxabout.com/cars/mahindra,Mahindra Cars,https://ic1.maxabout.us//autos/cars_india/company-logos/mahindra-15.jpg/,Mahindra,68,https://ic1.maxabout.us/autos/cars_india//N/2022/4/new-mahindra-bolero-neo-price-in-india.jpg/thumb/120,https://autos.maxabout.com/cars/mahindra/bolero-neo,Mahindra Bolero Neo,"₹ 9,29,000 - ₹ 11,78,499"
https://autos.maxabout.com/cars/mahindra,Mahindra Cars,https://ic1.maxabout.us//autos/cars_india/company-logos/mahindra-15.jpg/,Mahindra,68,https://ic1.maxabout.us/autos/cars_india//N/2021/9/new-mahindra-bolero-pickup-extra-long.jpg/thumb/120,https://autos.maxabout.com/cars/mahindra/bolero-pickup,Mahindra Bolero Pickup,"₹ 8,71,000 - ₹ 9,39,000"
https://autos.maxabout.com/cars/mahindra,Mahindra Cars,https://ic1.maxabout.us//autos/cars_india/company-logos/mahindra-15.jpg/,Mahindra,68,https://ic1.maxabout.us/autos/cars_india//M/2016/6/mahindra-e-verito-p.jpg/thumb/120,https://autos.maxabout.com/cars/mahindra/e-verito,Mahindra e-Verito,"₹ 9,12,515 - ₹ 10,54,943"
https://autos.maxabout.com/cars/mahindra,Mahindra Cars,https://ic1.maxabout.us//autos/cars_india/company-logos/mahindra-15.jpg/,Mahindra,68,https://ic1.maxabout.us/autos/cars_india//M/2016/1/mahindra-imperio-double-cab-p.jpg/thumb/120,https://autos.maxabout.com/cars/mahindra/imperio,Mahindra Imperio,"₹ 6,86,646 - ₹ 7,81,915"
https://autos.maxabout.com/cars/mahindra,Mahindra Cars,https://ic1.maxabout.us//autos/cars_india/company-logos/mahindra-15.jpg/,Mahindra,68,https://ic1.maxabout.us/autos/cars_india//M/2015/7/mahindra-jeeto-diesel-p.jpg/thumb/120,https://autos.maxabout.com/cars/mahindra/jeeto,Mahindra Jeeto,"₹ 2,46,000 - ₹ 5,08,184"
https://autos.maxabout.com/cars/mahindra,Mahindra Cars,https://ic1.maxabout.us//autos/cars_india/company-logos/mahindra-15.jpg/,Mahindra,68,https://ic1.maxabout.us/autos/cars_india//N/2022/7/new-mahindra-kuv100-nxt-price-in-india.jpg/thumb/120,https://autos.maxabout.com/cars/mahindra/kuv100,Mahindra KUV100 NXT,"₹ 6,13,103 - ₹ 7,91,520"
https://autos.maxabout.com/cars/mahindra,Mahindra Cars,https://ic1.maxabout.us//autos/cars_india/company-logos/mahindra-15.jpg/,Mahindra,68,https://ic1.maxabout.us/autos/cars_india//N/2022/4/new-mahindra-marazzo-price-in-india.jpg/thumb/120,https://autos.maxabout.com/cars/mahindra/marazzo,Mahindra Marazzo,"₹ 13,17,499 - ₹ 15,43,599"
https://autos.maxabout.com/cars/mahindra,Mahindra Cars,https://ic1.maxabout.us//autos/cars_india/company-logos/mahindra-15.jpg/,Mahindra,68,https://ic1.maxabout.us/autos/cars_india//N/2022/8/new-mahindra-scorpio-classic-price-in-india.jpg/thumb/120,https://autos.maxabout.com/cars/mahindra/scorpio,Mahindra Scorpio,"₹ 11,99,000 - ₹ 17,29,513"
https://autos.maxabout.com/cars/mahindra,Mahindra Cars,https://ic1.maxabout.us//autos/cars_india/company-logos/mahindra-15.jpg/,Mahindra,68,https://ic1.maxabout.us/autos/cars_india//2/2022/7/2022-new-mahindra-scorpio-n-price-in-india.jpg/thumb/120,https://autos.maxabout.com/cars/mahindra/scorpio-n,Mahindra Scorpio-N,"₹ 11,99,000 - ₹ 23,90,000"
https://autos.maxabout.com/cars/mahindra,Mahindra Cars,https://ic1.maxabout.us//autos/cars_india/company-logos/mahindra-15.jpg/,Mahindra,68,https://ic1.maxabout.us/autos/cars_india//M/2021/9/mahindra-supro-ambulance.jpg/thumb/120,https://autos.maxabout.com/cars/mahindra/supro-ambulance,Mahindra Supro Ambulance,"₹ 8,35,048 - ₹ 9,08,786"
https://autos.maxabout.com/cars/mahindra,Mahindra Cars,https://ic1.maxabout.us//autos/cars_india/company-logos/mahindra-15.jpg/,Mahindra,68,https://ic1.maxabout.us/autos/cars_india//M/2021/9/mahindra-supro-minitruck.jpg/thumb/120,https://autos.maxabout.com/cars/mahindra/supro-minitruck,Mahindra Supro Minitruck,"₹ 6,01,748"
https://autos.maxabout.com/cars/mahindra,Mahindra Cars,https://ic1.maxabout.us//autos/cars_india/company-logos/mahindra-15.jpg/,Mahindra,68,https://ic1.maxabout.us/autos/cars_india//M/2021/9/mahindra-supro-minivan.jpg/thumb/120,https://autos.maxabout.com/cars/mahindra/supro-minivan,Mahindra Supro Minivan,"₹ 6,87,723 - ₹ 7,01,103"
https://autos.maxabout.com/cars/mahindra,Mahindra Cars,https://ic1.maxabout.us//autos/cars_india/company-logos/mahindra-15.jpg/,Mahindra,68,https://ic1.maxabout.us/autos/cars_india//M/2021/9/mahindra-supro-profit-truck.jpg/thumb/120,https://autos.maxabout.com/cars/mahindra/supro-profit-truck,Mahindra Supro Profit Truck,"₹ 5,69,035 - ₹ 7,27,050"
https://autos.maxabout.com/cars/mahindra,Mahindra Cars,https://ic1.maxabout.us//autos/cars_india/company-logos/mahindra-15.jpg/,Mahindra,68,https://ic1.maxabout.us/autos/cars_india//M/2021/9/mahindra-supro-school-bus.jpg/thumb/120,https://autos.maxabout.com/cars/mahindra/supro-school-bus,Mahindra Supro School Bus,"₹ 7,29,454 - ₹ 8,03,947"
https://autos.maxabout.com/cars/mahindra,Mahindra Cars,https://ic1.maxabout.us//autos/cars_india/company-logos/mahindra-15.jpg/,Mahindra,68,https://ic1.maxabout.us/autos/cars_india//N/2021/9/new-mahindra-supro.jpg/thumb/120,https://autos.maxabout.com/cars/mahindra/supro,Mahindra Supro Van,"₹ 7,29,454 - ₹ 8,03,947"
https://autos.maxabout.com/cars/mahindra,Mahindra Cars,https://ic1.maxabout.us//autos/cars_india/company-logos/mahindra-15.jpg/,Mahindra,68,https://ic1.maxabout.us/autos/cars_india//N/2022/4/new-mahindra-thar-lx-price-in-india.jpg/thumb/120,https://autos.maxabout.com/cars/mahindra/thar,Mahindra Thar,"₹ 13,53,370 - ₹ 16,03,471"
https://autos.maxabout.com/cars/mahindra,Mahindra Cars,https://ic1.maxabout.us//autos/cars_india/company-logos/mahindra-15.jpg/,Mahindra,68,https://ic1.maxabout.us/autos/cars_india//N/2022/4/new-mahindra-xuv300-price-in-india.jpg/thumb/120,https://autos.maxabout.com/cars/mahindra/xuv300,Mahindra XUV300,"₹ 8,41,499 - ₹ 14,06,999"
https://autos.maxabout.com/cars/mahindra,Mahindra Cars,https://ic1.maxabout.us//autos/cars_india/company-logos/mahindra-15.jpg/,Mahindra,68,https://ic1.maxabout.us/autos/cars_india//N/2020/12/new-mahindra-xuv500.jpg/thumb/120,https://autos.maxabout.com/cars/mahindra/xuv500,Mahindra XUV500,"₹ 14,22,850 - ₹ 22,00,000"
https://autos.maxabout.com/cars/mahindra,Mahindra Cars,https://ic1.maxabout.us//autos/cars_india/company-logos/mahindra-15.jpg/,Mahindra,68,https://ic1.maxabout.us/autos/cars_india//N/2022/4/new-mahindra-xuv700-price-in-india.jpg/thumb/120,https://autos.maxabout.com/cars/mahindra/xuv700,Mahindra XUV700,"₹ 13,18,161 - ₹ 24,58,088"
https://autos.maxabout.com/cars/mahindra-electric,Mahindra Electric Cars,https://ic1.maxabout.us//autos/cars_india/company-logos/mahindra-electric-71.jpg/,Mahindra Electric,7,https://ic1.maxabout.us/autos/cars_india//M/2016/10/mahindra-e2o-plus-electric.jpg/thumb/120,https://autos.maxabout.com/cars/mahindra-electric/e2o-plus,Mahindra Electric e2o Plus,"₹ 5,46,000 - ₹ 8,46,000"
https://autos.maxabout.com/cars/mahindra-electric,Mahindra Electric Cars,https://ic1.maxabout.us//autos/cars_india/company-logos/mahindra-electric-71.jpg/,Mahindra Electric,7,https://ic1.maxabout.us/autos/cars_india/mahindra-electric-71/reva-e2o-1081-e2o2.jpg/thumb/120,https://autos.maxabout.com/cars/mahindra-electric/reva-e2o,Mahindra Electric Reva E2O,"₹ 4,79,000 - ₹ 5,24,000"
https://autos.maxabout.com/cars/maruti,Maruti Cars,https://ic1.maxabout.us//autos/cars_india/company-logos/maruti-8.jpg/,Maruti,84,https://ic1.maxabout.us/autos/cars_india//N/2022/3/new-maruti-alto-price-in-india.jpg/thumb/120,https://autos.maxabout.com/cars/maruti/alto-800,Maruti Alto,"₹ 2,43,162 - ₹ 5,03,000"
https://autos.maxabout.com/cars/maruti,Maruti Cars,https://ic1.maxabout.us//autos/cars_india/company-logos/maruti-8.jpg/,Maruti,84,https://ic1.maxabout.us/autos/cars_india//N/2022/7/new-maruti-vitara-brezza-price-in-india.jpg/thumb/120,https://autos.maxabout.com/cars/maruti/vitara-brezza,Maruti Brezza,"₹ 7,99,000 - ₹ 13,96,000"
https://autos.maxabout.com/cars/maruti,Maruti Cars,https://ic1.maxabout.us//autos/cars_india/company-logos/maruti-8.jpg/,Maruti,84,https://ic1.maxabout.us/autos/cars_india//N/2022/4/new-maruti-celerio-price-in-india.jpg/thumb/120,https://autos.maxabout.com/cars/maruti/celerio,Maruti Celerio,"₹ 3,74,942 - ₹ 7,00,000"
https://autos.maxabout.com/cars/maruti,Maruti Cars,https://ic1.maxabout.us//autos/cars_india/company-logos/maruti-8.jpg/,Maruti,84,https://ic1.maxabout.us/autos/cars_india//N/2022/3/new-maruti-suzuki-dzire-price-in-india.jpg/thumb/120,https://autos.maxabout.com/cars/maruti/swift-dzire,Maruti DZire,"₹ 4,83,989 - ₹ 9,17,500"
https://autos.maxabout.com/cars/maruti,Maruti Cars,https://ic1.maxabout.us//autos/cars_india/company-logos/maruti-8.jpg/,Maruti,84,https://ic1.maxabout.us/autos/cars_india//N/2022/4/new-maruti-eeco-price-in-india.jpg/thumb/120,https://autos.maxabout.com/cars/maruti/eeco,Maruti Eeco,"₹ 2,99,894 - ₹ 7,63,200 "
https://autos.maxabout.com/cars/maruti,Maruti Cars,https://ic1.maxabout.us//autos/cars_india/company-logos/maruti-8.jpg/,Maruti,84,https://ic1.maxabout.us/autos/cars_india//N/2022/4/new-maruti-ertiga-price-in-india-0.jpg/thumb/120,https://autos.maxabout.com/cars/maruti/ertiga,Maruti Ertiga,"₹ 8,35,000 - ₹ 12,79,000"
https://autos.maxabout.com/cars/maruti,Maruti Cars,https://ic1.maxabout.us//autos/cars_india/company-logos/maruti-8.jpg/,Maruti,84,https://ic1.maxabout.us/autos/cars_india//N/2022/4/new-maruti-s-presso-price-in-india.jpg/thumb/120,https://autos.maxabout.com/cars/maruti/s-presso,Maruti S-Presso,"₹ 3,85,500 - ₹ 5,64,000"
https://autos.maxabout.com/cars/maruti,Maruti Cars,https://ic1.maxabout.us//autos/cars_india/company-logos/maruti-8.jpg/,Maruti,84,https://ic1.maxabout.us/autos/cars_india//M/2016/7/maruti-super-carry-diesel-p.jpg/thumb/120,https://autos.maxabout.com/cars/maruti/super-carry,Maruti Super Carry,"₹ 5,07,000"
https://autos.maxabout.com/cars/maruti,Maruti Cars,https://ic1.maxabout.us//autos/cars_india/company-logos/maruti-8.jpg/,Maruti,84,https://ic1.maxabout.us/autos/cars_india//N/2022/3/new-maruti-swift-price-in-india.jpg/thumb/120,https://autos.maxabout.com/cars/maruti/swift,Maruti Swift,"₹ 4,40,401 - ₹ 10,00,000"
https://autos.maxabout.com/cars/maruti,Maruti Cars,https://ic1.maxabout.us//autos/cars_india/company-logos/maruti-8.jpg/,Maruti,84,https://ic1.maxabout.us/autos/cars_india//N/2022/4/new-maruti-tour-h1-price-in-india.jpg/thumb/120,https://autos.maxabout.com/cars/maruti/tour,Maruti Tour,"₹ 3,54,000 - ₹ 9,46,000"
https://autos.maxabout.com/cars/maruti,Maruti Cars,https://ic1.maxabout.us//autos/cars_india/company-logos/maruti-8.jpg/,Maruti,84,https://ic1.maxabout.us/autos/cars_india//N/2022/4/new-maruti-wagonr-price-in-india.jpg/thumb/120,https://autos.maxabout.com/cars/maruti/wagonr,Maruti WagonR,"₹ 5,24,000 - ₹ 7,20,000"
https://autos.maxabout.com/cars/maruti-nexa,Maruti NEXA Cars,https://ic1.maxabout.us//autos/cars_india/company-logos//M/2022/2/maruti-nexa.jpg/,Maruti NEXA,12,https://ic1.maxabout.us/autos/cars_india//N/2022/3/new-maruti-nexa-baleno-price-in-india.jpg/thumb/120,https://autos.maxabout.com/cars/maruti/baleno,Maruti NEXA Baleno,"₹ 6,49,000 - ₹ 9,71,000"
https://autos.maxabout.com/cars/maruti-nexa,Maruti NEXA Cars,https://ic1.maxabout.us//autos/cars_india/company-logos//M/2022/2/maruti-nexa.jpg/,Maruti NEXA,12,https://ic1.maxabout.us/autos/cars_india//N/2022/3/new-maruti-nexa-ciaz-price-in-india.jpg/thumb/120,https://autos.maxabout.com/cars/maruti/ciaz,Maruti NEXA Ciaz,"₹ 7,53,973 - ₹ 11,98,500"
https://autos.maxabout.com/cars/maruti-nexa,Maruti NEXA Cars,https://ic1.maxabout.us//autos/cars_india/company-logos//M/2022/2/maruti-nexa.jpg/,Maruti NEXA,12,https://ic1.maxabout.us/autos/cars_india//N/2022/3/new-maruti-nexa-ignis-price-in-india.jpg/thumb/120,https://autos.maxabout.com/cars/maruti/ignis,Maruti NEXA Ignis,"₹ 5,35,000 - ₹ 7,72,000"
https://autos.maxabout.com/cars/maruti-nexa,Maruti NEXA Cars,https://ic1.maxabout.us//autos/cars_india/company-logos//M/2022/2/maruti-nexa.jpg/,Maruti NEXA,12,https://ic1.maxabout.us/autos/cars_india//N/2022/3/new-maruti-nexa-s-cross-price-in-india.jpg/thumb/120,https://autos.maxabout.com/cars/maruti/s-cross,Maruti NEXA S-Cross,"₹ 8,95,000 - ₹ 12,92,000"
https://autos.maxabout.com/cars/maruti-nexa,Maruti NEXA Cars,https://ic1.maxabout.us//autos/cars_india/company-logos//M/2022/2/maruti-nexa.jpg/,Maruti NEXA,12,https://ic1.maxabout.us/autos/cars_india//N/2022/4/new-maruti-nexa-xl6-price-in-india.jpg/thumb/120,https://autos.maxabout.com/cars/maruti/xl6,Maruti NEXA XL6,"₹ 11,29,000 - ₹ 14,55,000"
https://autos.maxabout.com/cars/maserati,Maserati Cars,https://ic1.maxabout.us//autos/cars_india/company-logos/maserati-26.jpg/,Maserati,8,https://ic1.maxabout.us/autos/cars_india//M/2015/3/maserati-ghibli-p.jpg/thumb/120,https://autos.maxabout.com/cars/maserati/ghibli,Maserati Ghibli,"₹ 100,00,000 - ₹ 114,00,000"
https://autos.maxabout.com/cars/maserati,Maserati Cars,https://ic1.maxabout.us//autos/cars_india/company-logos/maserati-26.jpg/,Maserati,8,https://ic1.maxabout.us/autos/cars_india/maserati-26/granturismo-571-granturismo.jpg/thumb/120,https://autos.maxabout.com/cars/maserati/granturismo,Maserati GranTurismo,"₹ 11,81,000 - ₹ 182,00,000"
https://autos.maxabout.com/cars/maserati,Maserati Cars,https://ic1.maxabout.us//autos/cars_india/company-logos/maserati-26.jpg/,Maserati,8,https://ic1.maxabout.us/autos/cars_india/maserati-26/quattroporte-112-quattroporte-2013.jpg/thumb/120,https://autos.maxabout.com/cars/maserati/quattroporte,Maserati Quattroporte,"₹ 142,99,000 - ₹ 222,00,000"
https://autos.maxabout.com/cars/mercedes,Mercedes Cars,https://ic1.maxabout.us//autos/cars_india/company-logos/mercedes-14.jpg/,Mercedes,44,https://ic1.maxabout.us/autos/cars_india//M/2017/11/mercedes-a-class-new.jpg/thumb/120,https://autos.maxabout.com/cars/mercedes/a-class,Mercedes A-Class,"₹ 28,60,000 - ₹ 30,94,000"
https://autos.maxabout.com/cars/mercedes,Mercedes Cars,https://ic1.maxabout.us//autos/cars_india/company-logos/mercedes-14.jpg/,Mercedes,44,https://ic1.maxabout.us/autos/cars_india//M/2017/11/mercedes-b-class-new.jpg/thumb/120,https://autos.maxabout.com/cars/mercedes/b-class,Mercedes B-Class,"₹ 30,06,000 - ₹ 33,00,000"
https://autos.maxabout.com/cars/mercedes,Mercedes Cars,https://ic1.maxabout.us//autos/cars_india/company-logos/mercedes-14.jpg/,Mercedes,44,https://ic1.maxabout.us/autos/cars_india//M/2017/11/mercedes-c-class-new.jpg/thumb/120,https://autos.maxabout.com/cars/mercedes/c-class,Mercedes C-Class,"₹ 38,90,000 - ₹ 140,79,000"
https://autos.maxabout.com/cars/mercedes,Mercedes Cars,https://ic1.maxabout.us//autos/cars_india/company-logos/mercedes-14.jpg/,Mercedes,44,https://ic1.maxabout.us/autos/cars_india//M/2017/11/mercedes-cla-new.jpg/thumb/120,https://autos.maxabout.com/cars/mercedes/cla-class,Mercedes CLA,"₹ 31,72,000 - ₹ 75,20,000"
https://autos.maxabout.com/cars/mercedes,Mercedes Cars,https://ic1.maxabout.us//autos/cars_india/company-logos/mercedes-14.jpg/,Mercedes,44,https://ic1.maxabout.us/autos/cars_india//2/2015/3/2015-mercedes-benz-cls-class-p.jpg/thumb/120,https://autos.maxabout.com/cars/mercedes/cls-class,Mercedes CLS,"₹ 77,62,000"
https://autos.maxabout.com/cars/mercedes,Mercedes Cars,https://ic1.maxabout.us//autos/cars_india/company-logos/mercedes-14.jpg/,Mercedes,44,https://ic1.maxabout.us/autos/cars_india//M/2017/11/mercedes-e-class-new.jpg/thumb/120,https://autos.maxabout.com/cars/mercedes/e-class,Mercedes E-Class,"₹ 55,52,000 - ₹ 80,25,000"
https://autos.maxabout.com/cars/mercedes,Mercedes Cars,https://ic1.maxabout.us//autos/cars_india/company-logos/mercedes-14.jpg/,Mercedes,44,https://ic1.maxabout.us/autos/cars_india/mercedes-amg-54/g-class-1043-g-63.jpg/thumb/120,https://autos.maxabout.com/cars/mercedes-amg/g-class,Mercedes G-Class," ₹ 219,75,000 - ₹ 244,17,000"
https://autos.maxabout.com/cars/mercedes,Mercedes Cars,https://ic1.maxabout.us//autos/cars_india/company-logos/mercedes-14.jpg/,Mercedes,44,https://ic1.maxabout.us/autos/cars_india//M/2017/11/mercedes-gla-new.jpg/thumb/120,https://autos.maxabout.com/cars/mercedes/gla-class,Mercedes GLA,"₹ 31,72,000 - ₹ 77,85,000"
https://autos.maxabout.com/cars/mercedes,Mercedes Cars,https://ic1.maxabout.us//autos/cars_india/company-logos/mercedes-14.jpg/,Mercedes,44,https://ic1.maxabout.us/autos/cars_india//M/2017/11/mercedes-glc-new.jpg/thumb/120,https://autos.maxabout.com/cars/mercedes/glc-class,Mercedes GLC,"₹ 46,49,000 - ₹ 77,42,000"
https://autos.maxabout.com/cars/mercedes,Mercedes Cars,https://ic1.maxabout.us//autos/cars_india/company-logos/mercedes-14.jpg/,Mercedes,44,https://ic1.maxabout.us/autos/cars_india//M/2017/11/mercedes-amg-gle-43-coupe.jpg/thumb/120,https://autos.maxabout.com/cars/mercedes-benz/gle-class,Mercedes GLE,"₹ 64,06,000 - ₹ 96,37,000"
https://autos.maxabout.com/cars/mercedes,Mercedes Cars,https://ic1.maxabout.us//autos/cars_india/company-logos/mercedes-14.jpg/,Mercedes,44,https://ic1.maxabout.us/autos/cars_india//M/2017/11/mercedes-gls-new.jpg/thumb/120,https://autos.maxabout.com/cars/mercedes/gls-class,Mercedes GLS,"₹ 79,86,000 - ₹ 183,00,000"
https://autos.maxabout.com/cars/mercedes,Mercedes Cars,https://ic1.maxabout.us//autos/cars_india/company-logos/mercedes-14.jpg/,Mercedes,44,https://ic1.maxabout.us/autos/cars_india//M/2017/11/mercedes-amg-gt-r.jpg/thumb/120,https://autos.maxabout.com/cars/mercedes/gt,Mercedes GT,"₹ 209,00,000 - ₹ 223,00,000"
https://autos.maxabout.com/cars/mercedes,Mercedes Cars,https://ic1.maxabout.us//autos/cars_india/company-logos/mercedes-14.jpg/,Mercedes,44,https://ic1.maxabout.us/autos/cars_india//M/2017/11/mercedes-s-class-new.jpg/thumb/120,https://autos.maxabout.com/cars/mercedes/s-class,Mercedes S-Class,"₹ 117,00,000 - ₹ 995,00,000"
https://autos.maxabout.com/cars/mercedes,Mercedes Cars,https://ic1.maxabout.us//autos/cars_india/company-logos/mercedes-14.jpg/,Mercedes,44,https://ic1.maxabout.us/autos/cars_india//M/2014/10/mercedes-slk-class-p.jpg/thumb/120,https://autos.maxabout.com/cars/mercedes/slk-class,Mercedes SLK,"₹ 75,00,000"
https://autos.maxabout.com/cars/mercedes-amg,Mercedes AMG Cars,https://ic1.maxabout.us//autos/cars_india/company-logos/mercedes-amg-54.jpg/,Mercedes AMG,18,https://ic1.maxabout.us/autos/cars_india//N/2015/9/new-mercedes-c63-s-amg-p.jpg/thumb/120,https://autos.maxabout.com/cars/mercedes-amg/c-class,Mercedes AMG C-Class, NA
https://autos.maxabout.com/cars/mercedes-amg,Mercedes AMG Cars,https://ic1.maxabout.us//autos/cars_india/company-logos/mercedes-amg-54.jpg/,Mercedes AMG,18,https://ic1.maxabout.us/autos/cars_india//M/2015/4/mercedes-amg-cla-45-p.jpg/thumb/120,https://autos.maxabout.com/cars/mercedes-amg/cla-class,Mercedes AMG CLA-Class,NA
https://autos.maxabout.com/cars/mercedes-amg,Mercedes AMG Cars,https://ic1.maxabout.us//autos/cars_india/company-logos/mercedes-amg-54.jpg/,Mercedes AMG,18,https://ic1.maxabout.us/autos/cars_india/mercedes-amg-54/e-class-316-e-63-22.jpg/thumb/120,https://autos.maxabout.com/cars/mercedes-amg/e-class,Mercedes AMG E-Class,"₹ 95,15,000"
https://autos.maxabout.com/cars/mercedes-amg,Mercedes AMG Cars,https://ic1.maxabout.us//autos/cars_india/company-logos/mercedes-amg-54.jpg/,Mercedes AMG,18,https://ic1.maxabout.us/autos/cars_india//M/2014/9/mercedes-amg-gl-class.jpg/thumb/120,https://autos.maxabout.com/cars/mercedes-amg/gl-class,Mercedes AMG GL-Class,"₹ 174,00,000"
https://autos.maxabout.com/cars/mercedes-amg,Mercedes AMG Cars,https://ic1.maxabout.us//autos/cars_india/company-logos/mercedes-amg-54.jpg/,Mercedes AMG,18,https://ic1.maxabout.us/autos/cars_india//M/2014/10/mercedes-gla-45-amg-p.jpg/thumb/120,https://autos.maxabout.com/cars/mercedes-amg/gla-class,Mercedes AMG GLA-Class,NA
https://autos.maxabout.com/cars/mercedes-amg,Mercedes AMG Cars,https://ic1.maxabout.us//autos/cars_india/company-logos/mercedes-amg-54.jpg/,Mercedes AMG,18,https://ic1.maxabout.us/autos/cars_india//M/2014/9/mercedes-amg-ml-class.jpg/thumb/120,https://autos.maxabout.com/cars/mercedes-amg/ml-class,Mercedes AMG ML-Class,"₹ 150,00,000"
https://autos.maxabout.com/cars/mercedes-amg,Mercedes AMG Cars,https://ic1.maxabout.us//autos/cars_india/company-logos/mercedes-amg-54.jpg/,Mercedes AMG,18,https://ic1.maxabout.us/autos/cars_india/mercedes-amg-54/s-class-317-s-63-55.jpg/thumb/120,https://autos.maxabout.com/cars/mercedes-amg/s-class,Mercedes AMG S-Class,"₹ 263,00,000"
https://autos.maxabout.com/cars/mg-motor,MG Cars,https://ic1.maxabout.us//autos/cars_india/company-logos//M/2019/8/mg-logo-india.jpg/,MG,7,https://ic1.maxabout.us/autos/cars_india//N/2022/4/new-mg-astor-price-in-india.jpg/thumb/120,https://autos.maxabout.com/cars/mg/astor,MG Astor,"₹ 10,28,000 - ₹ 18,12,800"
https://autos.maxabout.com/cars/mg-motor,MG Cars,https://ic1.maxabout.us//autos/cars_india/company-logos//M/2019/8/mg-logo-india.jpg/,MG,7,https://ic1.maxabout.us/autos/cars_india//N/2022/4/new-mg-gloster-price-in-india.jpg/thumb/120,https://autos.maxabout.com/cars/mg/gloster,MG Gloster,"₹ 31,49,800 - ₹ 39,49,800"
https://autos.maxabout.com/cars/mg-motor,MG Cars,https://ic1.maxabout.us//autos/cars_india/company-logos//M/2019/8/mg-logo-india.jpg/,MG,7,https://ic1.maxabout.us/autos/cars_india//N/2022/4/new-mg-hector-price-in-india.jpg/thumb/120,https://autos.maxabout.com/cars/mg-motor/hector,MG Hector,"₹ 14,14,800 - ₹ 20,30,800"
https://autos.maxabout.com/cars/mg-motor,MG Cars,https://ic1.maxabout.us//autos/cars_india/company-logos//M/2019/8/mg-logo-india.jpg/,MG,7,https://ic1.maxabout.us/autos/cars_india//2/2021/1/2021-mg-hector-plus.jpg/thumb/120,https://autos.maxabout.com/cars/mg/hector-plus,MG Hector Plus (6-Seater),"₹ 16,72,800 - ₹ 20,94,800"
https://autos.maxabout.com/cars/mg-motor,MG Cars,https://ic1.maxabout.us//autos/cars_india/company-logos//M/2019/8/mg-logo-india.jpg/,MG,7,https://ic1.maxabout.us/autos/cars_india//2/2021/1/2021-mg-hector-plus-7-seater.jpg/thumb/120,https://autos.maxabout.com/cars/mg/hector-plus-7-seater,MG Hector Plus (7-Seater),"₹ 13,96,800 - ₹ 20,09,800"
https://autos.maxabout.com/cars/mg-motor,MG Cars,https://ic1.maxabout.us//autos/cars_india/company-logos//M/2019/8/mg-logo-india.jpg/,MG,7,https://ic1.maxabout.us/autos/cars_india//N/2022/4/new-mg-zs-ev-price-in-india.jpg/thumb/120,https://autos.maxabout.com/cars/mg/zs,MG ZS,"₹ 21,99,800 - ₹ 25,88,000"
https://autos.maxabout.com/cars/mini,Mini Cars,https://ic1.maxabout.us//autos/cars_india/company-logos/mini-47.jpg/,Mini,8,https://ic1.maxabout.us/autos/cars_india//M/2014/11/mini-cooper-3-door-diesel-p.jpg/thumb/120,https://autos.maxabout.com/cars/mini/cooper,Mini Cooper,"₹ 29,70,000 - ₹ 40,30,000"
https://autos.maxabout.com/cars/mini,Mini Cars,https://ic1.maxabout.us//autos/cars_india/company-logos/mini-47.jpg/,Mini,8,https://ic1.maxabout.us/autos/cars_india//M/2014/11/mini-cooper-5-door-p.jpg/thumb/120,https://autos.maxabout.com/cars/mini/cooper-5-door,Mini Cooper 5-Door,NA
https://autos.maxabout.com/cars/mini,Mini Cars,https://ic1.maxabout.us//autos/cars_india/company-logos/mini-47.jpg/,Mini,8,https://ic1.maxabout.us/autos/cars_india//M/2017/1/mini-clubman-cooper-s.jpg/thumb/120,https://autos.maxabout.com/cars/mini/cooper-clubman,Mini Cooper Clubman,NA
https://autos.maxabout.com/cars/mini,Mini Cars,https://ic1.maxabout.us//autos/cars_india/company-logos/mini-47.jpg/,Mini,8,https://ic1.maxabout.us/autos/cars_india//M/2016/3/mini-cooper-s-convertible-p.jpg/thumb/120,https://autos.maxabout.com/cars/mini/cooper-convertible,Mini Cooper Convertible,"₹ 33,90,000"
https://autos.maxabout.com/cars/mini,Mini Cars,https://ic1.maxabout.us//autos/cars_india/company-logos/mini-47.jpg/,Mini,8,https://ic1.maxabout.us/autos/cars_india//M/2014/10/mini-cooper-countryman-p.jpg/thumb/120,https://autos.maxabout.com/cars/mini/cooper-countryman,Mini Cooper Countryman,"₹ 26,55,000 - ₹ 41,50,000"
https://autos.maxabout.com/cars/mitsubishi,Mitsubishi Cars,https://ic1.maxabout.us//autos/cars_india/company-logos/mitsubishi-18.jpg/,Mitsubishi,22,https://ic1.maxabout.us/autos/cars_india/mitsubishi-18/montero-691-montero.jpg/thumb/120,https://autos.maxabout.com/cars/mitsubishi/montero,Mitsubishi Montero,"₹ 71,06,000"
https://autos.maxabout.com/cars/mitsubishi,Mitsubishi Cars,https://ic1.maxabout.us//autos/cars_india/company-logos/mitsubishi-18.jpg/,Mitsubishi,22,https://ic1.maxabout.us/autos/cars_india//2/2014/11/2015-pajero-sport-p.jpg/thumb/120,https://autos.maxabout.com/cars/mitsubishi/pajero,Mitsubishi Pajero,"₹ 22,60,000 - ₹ 29,00,000"
https://autos.maxabout.com/cars/nissan,Nissan Cars,https://ic1.maxabout.us//autos/cars_india/company-logos/nissan-22.jpg/,Nissan,29,https://ic1.maxabout.us/autos/cars_india//N/2016/9/new-nissan-gt-r-india.jpg/thumb/120,https://autos.maxabout.com/cars/nissan/gtr,Nissan GTR,"₹ 212,00,000 - ₹ 340,00,000"
https://autos.maxabout.com/cars/nissan,Nissan Cars,https://ic1.maxabout.us//autos/cars_india/company-logos/nissan-22.jpg/,Nissan,29,https://ic1.maxabout.us/autos/cars_india//N/2022/4/new-nissan-kicks-price-in-india.jpg/thumb/120,https://autos.maxabout.com/cars/nissan/kicks-suv,Nissan Kicks,"₹ 9,49,990 - ₹ 15,00,000"
https://autos.maxabout.com/cars/nissan,Nissan Cars,https://ic1.maxabout.us//autos/cars_india/company-logos/nissan-22.jpg/,Nissan,29,https://ic1.maxabout.us/autos/cars_india//N/2022/4/new-nissan-magnite-price-in-india.jpg/thumb/120,https://autos.maxabout.com/cars/nissan/magnite,Nissan Magnite,"₹ 5,97,400 - ₹ 10,78,500"
https://autos.maxabout.com/cars/nostalgia,Nostalgia Cars,https://ic1.maxabout.us//autos/cars_india/company-logos/nostalgia-85.jpg/,Nostalgia,1,https://ic1.maxabout.us/autos/cars_india/nostalgia-85/jaguar-xk-120-1062-jaguar-xk-120replica.jpg/thumb/120,https://autos.maxabout.com/cars/nostalgia/jaguar-xk-120,Nostalgia Jaguar XK 120,"₹ 1800,00,000"
https://autos.maxabout.com/cars/porsche,Porsche Cars,https://ic1.maxabout.us//autos/cars_india/company-logos/porsche-9.jpg/,Porsche,18,https://ic1.maxabout.us/autos/cars_india//P/2016/5/porsche-718-boxster-p.jpg/thumb/120,https://autos.maxabout.com/cars/porsche/718,Porsche 718,"₹ 81,63,000 - ₹ 95,00,000"
https://autos.maxabout.com/cars/porsche,Porsche Cars,https://ic1.maxabout.us//autos/cars_india/company-logos/porsche-9.jpg/,Porsche,18,https://ic1.maxabout.us/autos/cars_india/porsche-9/boxster-27-2012-new-boxsters2.jpg/thumb/120,https://autos.maxabout.com/cars/porsche/boxster,Porsche Boxster,"₹ 78,00,000 - ₹ 115,00,000"
https://autos.maxabout.com/cars/porsche,Porsche Cars,https://ic1.maxabout.us//autos/cars_india/company-logos/porsche-9.jpg/,Porsche,18,https://ic1.maxabout.us/autos/cars_india//2/2014/12/2015-porsche-cayenne-diesel.jpg/thumb/120,https://autos.maxabout.com/cars/porsche/cayenne,Porsche Cayenne,"₹ 116,00,000 - ₹ 200,00,000"
https://autos.maxabout.com/cars/porsche,Porsche Cars,https://ic1.maxabout.us//autos/cars_india/company-logos/porsche-9.jpg/,Porsche,18,https://ic1.maxabout.us/autos/cars_india/porsche-9/cayman-35-cayman-s-2013.jpg/thumb/120,https://autos.maxabout.com/cars/porsche/cayman,Porsche Cayman,"₹ 81,81,000 - ₹ 117,00,000"
https://autos.maxabout.com/cars/porsche,Porsche Cars,https://ic1.maxabout.us//autos/cars_india/company-logos/porsche-9.jpg/,Porsche,18,https://ic1.maxabout.us/autos/cars_india//P/2014/9/porsche-macan-s-diesel.jpg/thumb/120,https://autos.maxabout.com/cars/porsche/macan,Porsche Macan,"₹ 76,00,000 - ₹ 129,00,000"
https://autos.maxabout.com/cars/porsche,Porsche Cars,https://ic1.maxabout.us//autos/cars_india/company-logos/porsche-9.jpg/,Porsche,18,https://ic1.maxabout.us/autos/cars_india/porsche-9/panamera-s-249-panamera-s.jpg/thumb/120,https://autos.maxabout.com/cars/porsche/panamera,Porsche Panamera,"₹ 119,00,000 - ₹ 189,00,000"
https://autos.maxabout.com/cars/premier,Premier Cars,https://ic1.maxabout.us//autos/cars_india/company-logos/premier-23.jpg/,Premier,3,https://ic1.maxabout.us/autos/cars_india//P/2014/10/premier-rio-p.jpg/thumb/120,https://autos.maxabout.com/cars/premier/rio,Premier Rio,"₹ 4,78,932 - ₹ 7,24,000"
https://autos.maxabout.com/cars/renault,Renault Cars,https://ic1.maxabout.us//autos/cars_india/company-logos//R/2015/9/renault-logo.jpg/,Renault,30,https://ic1.maxabout.us/autos/cars_india//2/2016/3/2016-new-renault-duster-p.jpg/thumb/120,https://autos.maxabout.com/cars/renault/duster,Renault Duster,"₹ 9,86,050 - ₹ 14,25,050"
https://autos.maxabout.com/cars/renault,Renault Cars,https://ic1.maxabout.us//autos/cars_india/company-logos//R/2015/9/renault-logo.jpg/,Renault,30,https://ic1.maxabout.us/autos/cars_india//2/2021/3/2021-renault-kiger-car.jpg/thumb/120,https://autos.maxabout.com/cars/renault/kiger,Renault Kiger,"₹ 5,84,030 - ₹ 10,62,400"
https://autos.maxabout.com/cars/renault,Renault Cars,https://ic1.maxabout.us//autos/cars_india/company-logos//R/2015/9/renault-logo.jpg/,Renault,30,https://ic1.maxabout.us/autos/cars_india//N/2020/12/new-renault-kwid-climber.jpg/thumb/120,https://autos.maxabout.com/cars/renault/kwid,Renault KWID,"₹ 3,32,000 - ₹ 5,99,000"
https://autos.maxabout.com/cars/renault,Renault Cars,https://ic1.maxabout.us//autos/cars_india/company-logos//R/2015/9/renault-logo.jpg/,Renault,30,https://ic1.maxabout.us/autos/cars_india//N/2020/12/new-renault-triber-mpv.jpg/thumb/120,https://autos.maxabout.com/cars/renault/triber,Renault Triber,"₹ 5,91,800 - ₹ 8,50,800"
https://autos.maxabout.com/cars/rolls-royce,Rolls Royce Cars,https://ic1.maxabout.us//autos/cars_india/company-logos/rolls-royce-24.jpg/,Rolls Royce,7,https://ic1.maxabout.us/autos/cars_india//R/2016/6/rolls-royce-dawn-p.jpg/thumb/120,https://autos.maxabout.com/cars/rolls-royce/dawn,Rolls Royce Dawn,"₹ 625,00,000"
https://autos.maxabout.com/cars/rolls-royce,Rolls Royce Cars,https://ic1.maxabout.us//autos/cars_india/company-logos/rolls-royce-24.jpg/,Rolls Royce,7,https://ic1.maxabout.us/autos/cars_india//R/2014/9/rolls-royce-ghost-series-ii.jpg/thumb/120,https://autos.maxabout.com/cars/rolls-royce/ghost,Rolls Royce Ghost,"₹ 450,00,000 - ₹ 562,00,000"
https://autos.maxabout.com/cars/rolls-royce,Rolls Royce Cars,https://ic1.maxabout.us//autos/cars_india/company-logos/rolls-royce-24.jpg/,Rolls Royce,7,https://ic1.maxabout.us/autos/cars_india/rolls-royce-24/phantom-109-2013-new-phantom2.jpg/thumb/120,https://autos.maxabout.com/cars/rolls-royce/phantom,Rolls Royce Phantom,"₹ 410,00,000 - ₹ 884,00,000"
https://autos.maxabout.com/cars/skoda,Skoda Cars,https://ic1.maxabout.us//autos/cars_india/company-logos/skoda-16.jpg/,Skoda,31,https://ic1.maxabout.us/autos/cars_india//N/2022/4/new-skoda-kodiaq-price-in-india.jpg/thumb/120,https://autos.maxabout.com/cars/skoda/kodiaq,Skoda Kodiaq,"₹ 34,83,995 - ₹ 39,99,000"
https://autos.maxabout.com/cars/skoda,Skoda Cars,https://ic1.maxabout.us//autos/cars_india/company-logos/skoda-16.jpg/,Skoda,31,https://ic1.maxabout.us/autos/cars_india//N/2022/4/new-skoda-kushaq-price-in-india.jpg/thumb/120,https://autos.maxabout.com/cars/skoda/kushaq,Skoda Kushaq,"₹ 11,29,000 - ₹ 19,49,000"
https://autos.maxabout.com/cars/skoda,Skoda Cars,https://ic1.maxabout.us//autos/cars_india/company-logos/skoda-16.jpg/,Skoda,31,https://ic1.maxabout.us/autos/cars_india//N/2022/4/new-skoda-octavia-price-in-india.jpg/thumb/120,https://autos.maxabout.com/cars/skoda/octavia,Skoda Octavia,"₹ 26,85,000 - ₹ 35,99,599"
https://autos.maxabout.com/cars/skoda,Skoda Cars,https://ic1.maxabout.us//autos/cars_india/company-logos/skoda-16.jpg/,Skoda,31,https://ic1.maxabout.us/autos/cars_india//2/2016/11/2017-skoda-rapid.jpg/thumb/120,https://autos.maxabout.com/cars/skoda/rapid,Skoda Rapid,"₹ 7,79,000 - ₹ 13,49,000"
https://autos.maxabout.com/cars/skoda,Skoda Cars,https://ic1.maxabout.us//autos/cars_india/company-logos/skoda-16.jpg/,Skoda,31,https://ic1.maxabout.us/autos/cars_india//N/2022/4/new-skoda-slavia-price-in-india.jpg/thumb/120,https://autos.maxabout.com/cars/skoda/slavia,Skoda Slavia,"₹ 10,99,000 - ₹ 18,39,000"
https://autos.maxabout.com/cars/skoda,Skoda Cars,https://ic1.maxabout.us//autos/cars_india/company-logos/skoda-16.jpg/,Skoda,31,https://ic1.maxabout.us/autos/cars_india//N/2022/4/new-skoda-superb-price-in-india.jpg/thumb/120,https://autos.maxabout.com/cars/skoda/superb,Skoda Superb,"₹ 31,99,000 - ₹ 34,99,000"
https://autos.maxabout.com/cars/ssangyong,Ssangyong Cars,https://ic1.maxabout.us//autos/cars_india/company-logos/ssangyong-67.jpg/,Ssangyong,7,https://ic1.maxabout.us/autos/cars_india//S/2014/10/ssangyong-rexton-p.jpg/thumb/120,https://autos.maxabout.com/cars/ssangyong/rexton,Ssangyong Rexton,"₹ 19,60,664 - ₹ 24,84,000"
https://autos.maxabout.com/cars/tara,Tara Cars,https://ic1.maxabout.us//autos/cars_india/company-logos/tara-46.jpg/,Tara,2,https://ic1.maxabout.us/autos/cars_india/tara-46/tiny-207-tiny.jpg/thumb/120,https://autos.maxabout.com/cars/tara/tiny,Tara Tiny,"₹ 3,00,000"
https://autos.maxabout.com/cars/tara,Tara Cars,https://ic1.maxabout.us//autos/cars_india/company-logos/tara-46.jpg/,Tara,2,https://ic1.maxabout.us/autos/cars_india/tara-46/titu-306-titunew.jpg/thumb/120,https://autos.maxabout.com/cars/tara/titu,Tara Titu,"₹ 3,00,000"
https://autos.maxabout.com/cars/tata,Tata Cars,https://ic1.maxabout.us//autos/cars_india/company-logos/tata-11.jpg/,Tata,91,https://ic1.maxabout.us/autos/cars_india//T/2021/10/tata-ace-gold.jpg/thumb/120,https://autos.maxabout.com/cars/tata/ace,Tata Ace,"₹ 2,28,000 - ₹ 5,81,917"
https://autos.maxabout.com/cars/tata,Tata Cars,https://ic1.maxabout.us//autos/cars_india/company-logos/tata-11.jpg/,Tata,91,https://ic1.maxabout.us/autos/cars_india//N/2022/4/new-tata-altroz-price-in-india.jpg/thumb/120,https://autos.maxabout.com/cars/tata/altroz,Tata Altroz,"₹ 6,29,900 - ₹ 10,24,900"
https://autos.maxabout.com/cars/tata,Tata Cars,https://ic1.maxabout.us//autos/cars_india/company-logos/tata-11.jpg/,Tata,91,https://ic1.maxabout.us/autos/cars_india//N/2022/4/new-tata-altroz-price-in-india.jpg/thumb/120,https://autos.maxabout.com/cars/tata/altroz-dca,Tata Altroz DCA,"₹ 8,29,900 - ₹ 9,99,990"
https://autos.maxabout.com/cars/tata,Tata Cars,https://ic1.maxabout.us//autos/cars_india/company-logos/tata-11.jpg/,Tata,91,https://ic1.maxabout.us/autos/cars_india//T/2021/1/tata-altroz-iturbo.jpg/thumb/120,https://autos.maxabout.com/cars/tata/altroz-iturbo,Tata Altroz iTurbo,"₹ 8,24,900 - ₹ 9,54,900"
https://autos.maxabout.com/cars/tata,Tata Cars,https://ic1.maxabout.us//autos/cars_india/company-logos/tata-11.jpg/,Tata,91,https://ic1.maxabout.us/autos/cars_india//2/2021/1/2021-tata-harrier.jpg/thumb/120,https://autos.maxabout.com/cars/tata/harrier-suv,Tata Harrier,"₹ 12,00,000 - ₹ 22,19,900"
https://autos.maxabout.com/cars/tata,Tata Cars,https://ic1.maxabout.us//autos/cars_india/company-logos/tata-11.jpg/,Tata,91,https://ic1.maxabout.us/autos/cars_india//N/2022/4/new-tata-harrier-dark-edition-price-in-india.jpg/thumb/120,https://autos.maxabout.com/cars/tata/harrier-dark-edition,Tata Harrier Dark Edition,"₹ 17,06,900 - ₹ 22,04,900"
https://autos.maxabout.com/cars/tata,Tata Cars,https://ic1.maxabout.us//autos/cars_india/company-logos/tata-11.jpg/,Tata,91,https://ic1.maxabout.us/autos/cars_india//T/2021/10/tata-intra-v10.jpg/thumb/120,https://autos.maxabout.com/cars/tata/intra,Tata Intra,"₹ 6,84,248 - ₹ 7,85,248"
https://autos.maxabout.com/cars/tata,Tata Cars,https://ic1.maxabout.us//autos/cars_india/company-logos/tata-11.jpg/,Tata,91,https://ic1.maxabout.us/autos/cars_india//T/2014/10/tata-magic-p.jpg/thumb/120,https://autos.maxabout.com/cars/tata/magic,Tata Magic,"₹ 4,40,000 - ₹ 4,90,000 "
https://autos.maxabout.com/cars/tata,Tata Cars,https://ic1.maxabout.us//autos/cars_india/company-logos/tata-11.jpg/,Tata,91,https://ic1.maxabout.us/autos/cars_india//T/2014/11/tata-magic-iris-p.jpg/thumb/120,https://autos.maxabout.com/cars/tata/magic-iris,Tata Magic IRIS,"₹ 2,70,000 - ₹ 3,40,000"
https://autos.maxabout.com/cars/tata,Tata Cars,https://ic1.maxabout.us//autos/cars_india/company-logos/tata-11.jpg/,Tata,91,https://ic1.maxabout.us/autos/cars_india//N/2022/6/new-tata-nexon-price-in-india.jpg/thumb/120,https://autos.maxabout.com/cars/tata/nexon,Tata Nexon,"₹ 7,59,900 - ₹ 13,39,900"
https://autos.maxabout.com/cars/tata,Tata Cars,https://ic1.maxabout.us//autos/cars_india/company-logos/tata-11.jpg/,Tata,91,https://ic1.maxabout.us/autos/cars_india//N/2022/6/new-tata-nexon-dark-edition-price-in-india.jpg/thumb/120,https://autos.maxabout.com/cars/tata/nexon-dark,Tata Nexon Dark Edition,"₹ 10,59,900 - ₹ 13,54,900"
https://autos.maxabout.com/cars/tata,Tata Cars,https://ic1.maxabout.us//autos/cars_india/company-logos/tata-11.jpg/,Tata,91,https://ic1.maxabout.us/autos/cars_india//N/2022/7/new-tata-nexon-ev-prime-price-in-india.jpg/thumb/120,https://autos.maxabout.com/cars/tata/nexon-ev,Tata Nexon EV,"₹ 14,99,000 - ₹ 17,50,000"
https://autos.maxabout.com/cars/tata,Tata Cars,https://ic1.maxabout.us//autos/cars_india/company-logos/tata-11.jpg/,Tata,91,https://ic1.maxabout.us/autos/cars_india//N/2022/6/new-tata-nexon-ev-max-price-in-india.jpg/thumb/120,https://autos.maxabout.com/cars/tata/nexon-ev-max,Tata Nexon EV Max,"₹ 17,74,000 - ₹ 19,24,000"
https://autos.maxabout.com/cars/tata,Tata Cars,https://ic1.maxabout.us//autos/cars_india/company-logos/tata-11.jpg/,Tata,91,https://ic1.maxabout.us/autos/cars_india//N/2022/6/new-tata-nexon-price-in-india.jpg/thumb/120,https://autos.maxabout.com/cars/tata/nexon-hs,Tata Nexon HS,"₹ 11,04,900 - ₹ 13,29,900"
https://autos.maxabout.com/cars/tata,Tata Cars,https://ic1.maxabout.us//autos/cars_india/company-logos/tata-11.jpg/,Tata,91,https://ic1.maxabout.us/autos/cars_india//N/2022/4/new-tata-nexon-kaziranga-edition-price-in-india.jpg/thumb/120,https://autos.maxabout.com/cars/tata/nexon-kaziranga-edition,Tata Nexon Kaziranga Edition,"₹ 11,99,900 - ₹ 13,94,900"
https://autos.maxabout.com/cars/tata,Tata Cars,https://ic1.maxabout.us//autos/cars_india/company-logos/tata-11.jpg/,Tata,91,https://ic1.maxabout.us/autos/cars_india//N/2022/6/new-tata-nexon-price-in-india.jpg/thumb/120,https://autos.maxabout.com/cars/tata/nexon-p,Tata Nexon Premium,"₹ 11,79,900 - ₹ 13,94,900"
https://autos.maxabout.com/cars/tata,Tata Cars,https://ic1.maxabout.us//autos/cars_india/company-logos/tata-11.jpg/,Tata,91,https://ic1.maxabout.us/autos/cars_india//N/2022/6/new-tata-nexon-price-in-india.jpg/thumb/120,https://autos.maxabout.com/cars/tata/nexon-sunroof,Tata Nexon Sunroof,"₹ 9,19,900 - ₹ 11,69,900"
https://autos.maxabout.com/cars/tata,Tata Cars,https://ic1.maxabout.us//autos/cars_india/company-logos/tata-11.jpg/,Tata,91,https://ic1.maxabout.us/autos/cars_india//N/2022/4/new-tata-punch-price-in-india.jpg/thumb/120,https://autos.maxabout.com/cars/tata/punch,Tata Punch,"₹ 5,92,900 - ₹ 9,48,900"
https://autos.maxabout.com/cars/tata,Tata Cars,https://ic1.maxabout.us//autos/cars_india/company-logos/tata-11.jpg/,Tata,91,https://ic1.maxabout.us/autos/cars_india//N/2022/4/new-tata-safari-price-in-india.jpg/thumb/120,https://autos.maxabout.com/cars/tata/safari,Tata Safari,"₹ 15,34,900 - ₹ 23,55,900"
https://autos.maxabout.com/cars/tata,Tata Cars,https://ic1.maxabout.us//autos/cars_india/company-logos/tata-11.jpg/,Tata,91,https://ic1.maxabout.us/autos/cars_india//N/2022/4/new-tata-safari-dark-edition-price-in-india.jpg/thumb/120,https://autos.maxabout.com/cars/tata/safari-dark-edition,Tata Safari Dark Edition,"₹ 19,39,900 - ₹ 22,79,900"
https://autos.maxabout.com/cars/tata,Tata Cars,https://ic1.maxabout.us//autos/cars_india/company-logos/tata-11.jpg/,Tata,91,https://ic1.maxabout.us/autos/cars_india//N/2022/4/new-tata-tiago-price-in-india.jpg/thumb/120,https://autos.maxabout.com/cars/tata/tiago,Tata Tiago,"₹ 4,98,799 - ₹ 7,81,900"
https://autos.maxabout.com/cars/tata,Tata Cars,https://ic1.maxabout.us//autos/cars_india/company-logos/tata-11.jpg/,Tata,91,https://ic1.maxabout.us/autos/cars_india//N/2022/4/new-tata-tigor-price-in-india.jpg/thumb/120,https://autos.maxabout.com/cars/tata/tigor,Tata Tigor,"₹ 5,99,900 - ₹ 8,58,900"
https://autos.maxabout.com/cars/tata,Tata Cars,https://ic1.maxabout.us//autos/cars_india/company-logos/tata-11.jpg/,Tata,91,https://ic1.maxabout.us/autos/cars_india//N/2021/9/new-tata-tigor-ev.jpg/thumb/120,https://autos.maxabout.com/cars/tata/tigor-ev,Tata Tigor EV,"₹ 11,99,000 - ₹ 13,14,000"
https://autos.maxabout.com/cars/tata,Tata Cars,https://ic1.maxabout.us//autos/cars_india/company-logos/tata-11.jpg/,Tata,91,https://ic1.maxabout.us/autos/cars_india//N/2022/6/new-tata-winger-15s-price-in-india.jpg/thumb/120,https://autos.maxabout.com/cars/tata/winger,Tata Winger,"₹ 12,50,000 - ₹ 15,77,262"
https://autos.maxabout.com/cars/tata,Tata Cars,https://ic1.maxabout.us//autos/cars_india/company-logos/tata-11.jpg/,Tata,91,https://ic1.maxabout.us/autos/cars_india//T/2021/9/tata-xpres-t.jpg/thumb/120,https://autos.maxabout.com/cars/tata/xpres-t-ev,Tata XPres-T EV,"₹ 9,75,000 - ₹ 9,90,000"
https://autos.maxabout.com/cars/toyota,Toyota Cars,https://ic1.maxabout.us//autos/cars_india/company-logos/toyota-10.jpg/,Toyota,55,https://ic1.maxabout.us/autos/cars_india//N/2022/4/new-toyota-camry-price-in-india.jpg/thumb/120,https://autos.maxabout.com/cars/toyota/camry,Toyota Camry,"₹ 29,74,607 - ₹ 44,35,000"
https://autos.maxabout.com/cars/toyota,Toyota Cars,https://ic1.maxabout.us//autos/cars_india/company-logos/toyota-10.jpg/,Toyota,55,https://ic1.maxabout.us/autos/cars_india//N/2022/3/new-toyota-fortuner-price-in-india.jpg/thumb/120,https://autos.maxabout.com/cars/toyota/fortuner,Toyota Fortuner,"₹ 32,40,000 - ₹ 49,57,000"
https://autos.maxabout.com/cars/toyota,Toyota Cars,https://ic1.maxabout.us//autos/cars_india/company-logos/toyota-10.jpg/,Toyota,55,https://ic1.maxabout.us/autos/cars_india//N/2022/3/new-toyota-glanza-price-in-india.jpg/thumb/120,https://autos.maxabout.com/cars/toyota/glanza,Toyota Glanza,"₹ 6,59,000 - ₹ 9,98,900"
https://autos.maxabout.com/cars/toyota,Toyota Cars,https://ic1.maxabout.us//autos/cars_india/company-logos/toyota-10.jpg/,Toyota,55,https://ic1.maxabout.us/autos/cars_india//2/2021/2/2021-toyota-hiace.jpg/thumb/120,https://autos.maxabout.com/cars/toyota/hiace,Toyota Hiace,"₹ 55,00,000"
https://autos.maxabout.com/cars/toyota,Toyota Cars,https://ic1.maxabout.us//autos/cars_india/company-logos/toyota-10.jpg/,Toyota,55,https://ic1.maxabout.us/autos/cars_india//N/2022/4/new-toyota-hilux-price-in-india.jpg/thumb/120,https://autos.maxabout.com/cars/toyota/hilux,Toyota Hilux,"₹ 18,00,000 - ₹ 36,80,000"
https://autos.maxabout.com/cars/toyota,Toyota Cars,https://ic1.maxabout.us//autos/cars_india/company-logos/toyota-10.jpg/,Toyota,55,https://ic1.maxabout.us/autos/cars_india//N/2022/3/new-toyota-innova-crysta-price-in-india.jpg/thumb/120,https://autos.maxabout.com/cars/toyota/innova-crysta,Toyota Innova Crysta,"₹ 17,86,000 - ₹ 26,54,000"
https://autos.maxabout.com/cars/toyota,Toyota Cars,https://ic1.maxabout.us//autos/cars_india/company-logos/toyota-10.jpg/,Toyota,55,https://ic1.maxabout.us/autos/cars_india//2/2021/3/2021-toyota-legender.jpg/thumb/120,https://autos.maxabout.com/cars/toyota/legender,Toyota Legender,"₹ 42,05,000 - ₹ 45,77,000"
https://autos.maxabout.com/cars/toyota,Toyota Cars,https://ic1.maxabout.us//autos/cars_india/company-logos/toyota-10.jpg/,Toyota,55,https://ic1.maxabout.us/autos/cars_india//N/2022/3/new-toyota-urban-cruiser-price-in-india.jpg/thumb/120,https://autos.maxabout.com/cars/toyota/urban-cruiser,Toyota Urban Cruiser,"₹ 9,02,500 - ₹ 11,73,000"
https://autos.maxabout.com/cars/toyota,Toyota Cars,https://ic1.maxabout.us//autos/cars_india/company-logos/toyota-10.jpg/,Toyota,55,https://ic1.maxabout.us/autos/cars_india//N/2022/3/new-toyota-vellfire-price-in-india.jpg/thumb/120,https://autos.maxabout.com/cars/toyota/vellfire,Toyota Vellfire,"₹ 92,60,000"
https://autos.maxabout.com/cars/volkswagen,Volkswagen Cars,https://ic1.maxabout.us//autos/cars_india/company-logos/volkswagen-25.jpg/,Volkswagen,41,https://ic1.maxabout.us/autos/cars_india//N/2022/4/new-volkswagen-polo-gt-price-in-india.jpg/thumb/120,https://autos.maxabout.com/cars/volkswagen/polo,Volkswagen Polo,"₹ 4,89,779 - ₹ 10,25,000"
https://autos.maxabout.com/cars/volkswagen,Volkswagen Cars,https://ic1.maxabout.us//autos/cars_india/company-logos/volkswagen-25.jpg/,Volkswagen,41,https://ic1.maxabout.us/autos/cars_india//N/2022/4/new-volkswagen-t-roc-price-in-india.jpg/thumb/120,https://autos.maxabout.com/cars/volkswagen/t-roc,Volkswagen T-Roc,"₹ 21,35,000"
https://autos.maxabout.com/cars/volkswagen,Volkswagen Cars,https://ic1.maxabout.us//autos/cars_india/company-logos/volkswagen-25.jpg/,Volkswagen,41,https://ic1.maxabout.us/autos/cars_india//N/2022/4/new-volkswagen-taigun-price-in-india.jpg/thumb/120,https://autos.maxabout.com/cars/volkswagen/taigun,Volkswagen Taigun,"₹ 11,39,900 - ₹ 18,59,900"
https://autos.maxabout.com/cars/volkswagen,Volkswagen Cars,https://ic1.maxabout.us//autos/cars_india/company-logos/volkswagen-25.jpg/,Volkswagen,41,https://ic1.maxabout.us/autos/cars_india//N/2022/4/new-volkswagen-tiguan-price-in-india-0.jpg/thumb/120,https://autos.maxabout.com/cars/volkswagen/tiguan,Volkswagen Tiguan,"₹ 32,79,000"
https://autos.maxabout.com/cars/volkswagen,Volkswagen Cars,https://ic1.maxabout.us//autos/cars_india/company-logos/volkswagen-25.jpg/,Volkswagen,41,https://ic1.maxabout.us/autos/cars_india//N/2022/4/new-volkswagen-vento-price-in-india.jpg/thumb/120,https://autos.maxabout.com/cars/volkswagen/vento,Volkswagen Vento,"₹ 9,03,500 - ₹ 14,79,000"
https://autos.maxabout.com/cars/volkswagen,Volkswagen Cars,https://ic1.maxabout.us//autos/cars_india/company-logos/volkswagen-25.jpg/,Volkswagen,41,https://ic1.maxabout.us/autos/cars_india//V/2014/10/volkswagen-vento-tsi-p2.jpg/thumb/120,https://autos.maxabout.com/cars/volkswagen/vento-tsi,Volkswagen Vento TSi,NA
https://autos.maxabout.com/cars/volkswagen,Volkswagen Cars,https://ic1.maxabout.us//autos/cars_india/company-logos/volkswagen-25.jpg/,Volkswagen,41,https://ic1.maxabout.us/autos/cars_india//N/2022/6/new-volkswagen-virtus-price-in-india.jpg/thumb/120,https://autos.maxabout.com/cars/volkswagen/virtus,Volkswagen Virtus,"₹ 11,21,900 - ₹ 17,91,900"
https://autos.maxabout.com/cars/volvo,Volvo Cars,https://ic1.maxabout.us//autos/cars_india/company-logos/volvo-30.jpg/,Volvo,21,https://ic1.maxabout.us/autos/cars_india//V/2017/11/volvo-s60-r-design-new.jpg/thumb/120,https://autos.maxabout.com/cars/volvo/s60,Volvo S60,"₹ 32,63,000 - ₹ 56,02,000"
https://autos.maxabout.com/cars/volvo,Volvo Cars,https://ic1.maxabout.us//autos/cars_india/company-logos/volvo-30.jpg/,Volvo,21,https://ic1.maxabout.us/autos/cars_india/volvo-30/s80-122-s80-d5diesel.jpg/thumb/120,https://autos.maxabout.com/cars/volvo/s80,Volvo S80,"₹ 36,52,540 - ₹ 48,20,000"
https://autos.maxabout.com/cars/volvo,Volvo Cars,https://ic1.maxabout.us//autos/cars_india/company-logos/volvo-30.jpg/,Volvo,21,https://ic1.maxabout.us/autos/cars_india//V/2017/11/volvo-s90-new.jpg/thumb/120,https://autos.maxabout.com/cars/volvo/s90,Volvo S90,"₹ 58,84,000"
https://autos.maxabout.com/cars/volvo,Volvo Cars,https://ic1.maxabout.us//autos/cars_india/company-logos/volvo-30.jpg/,Volvo,21,https://ic1.maxabout.us/autos/cars_india//V/2017/11/volvo-v40-cross-country.jpg/thumb/120,https://autos.maxabout.com/cars/volvo/v40,Volvo V40,"₹ 27,69,000 - ₹ 32,83,000"
https://autos.maxabout.com/cars/volvo,Volvo Cars,https://ic1.maxabout.us//autos/cars_india/company-logos/volvo-30.jpg/,Volvo,21,https://ic1.maxabout.us/autos/cars_india//V/2017/11/volvo-v90-cross-country-new.jpg/thumb/120,https://autos.maxabout.com/cars/volvo/v90,Volvo V90,"₹ 65,31,000"
https://autos.maxabout.com/cars/volvo,Volvo Cars,https://ic1.maxabout.us//autos/cars_india/company-logos/volvo-30.jpg/,Volvo,21,https://ic1.maxabout.us/autos/cars_india/volvo-30/xc60-211-2012-new-xc60-d5-diesel2.jpg/thumb/120,https://autos.maxabout.com/cars/volvo/xc60,Volvo XC60,"₹ 47,71,000 - ₹ 56,13,000"
https://autos.maxabout.com/cars/volvo,Volvo Cars,https://ic1.maxabout.us//autos/cars_india/company-logos/volvo-30.jpg/,Volvo,21,https://ic1.maxabout.us/autos/cars_india//V/2017/11/volvo-xc90-inscription.jpg/thumb/120,https://autos.maxabout.com/cars/volvo/xc90,Volvo XC90,"₹ 77,41,000 - ₹ 131,24,000"
